order_id,customer_id,order_date,payment_method,branch
1,449,9/19/2025,Cash,Delhi
2,1261,9/26/2024,UPI,Bangalore
3,903,9/7/2025,UPI,Pune
4,194,1/16/2024,UPI,Mumbai
5,281,9/29/2025,Card,Kolkata
6,1267,9/3/2024,UPI,Pune
7,1590,3/5/2024,Cash,Kolkata
8,1340,6/10/2025,Cash,Mumbai
9,482,7/30/2024,Cash,Kolkata
10,377,3/9/2025,Cash,Bangalore
11,158,10/11/2024,Card,Pune
12,14,3/20/2024,Cash,Kolkata
13,496,2/1/2024,UPI,Bangalore
14,1162,9/1/2025,Cash,Pune
15,889,2/20/2024,Card,Bangalore
16,1304,8/4/2024,UPI,Kolkata
17,124,1/30/2025,Card,Bangalore
18,917,5/12/2024,Cash,Delhi
19,1171,9/9/2025,UPI,Delhi
20,1460,7/7/2025,Card,Kolkata
21,1121,2/21/2024,Cash,Bangalore
22,1231,7/23/2025,Card,Bangalore
23,1599,3/5/2024,Cash,Mumbai
24,1534,3/12/2024,Card,Mumbai
25,1165,1/20/2024,Card,Bangalore
26,1805,3/15/2024,Cash,Pune
27,1621,2/10/2025,Card,Bangalore
28,1320,9/19/2025,Card,Mumbai
29,946,3/20/2025,Cash,Delhi
30,918,12/27/2023,UPI,Mumbai
31,1071,7/15/2024,Cash,Bangalore
32,304,11/21/2024,Cash,Kolkata
33,1474,12/29/2023,Card,Kolkata
34,1726,9/19/2025,Card,Bangalore
35,678,4/28/2025,Cash,Kolkata
36,202,9/10/2024,UPI,Kolkata
37,749,11/24/2023,UPI,Delhi
38,1902,10/30/2023,Card,Bangalore
39,11,6/24/2024,UPI,Kolkata
40,1903,6/25/2025,Card,Delhi
41,1591,8/17/2025,Card,Bangalore
42,516,2/8/2024,UPI,Mumbai
43,1099,12/4/2023,UPI,Kolkata
44,1341,6/9/2024,UPI,Kolkata
45,390,5/6/2024,UPI,Kolkata
46,1545,3/17/2025,UPI,Bangalore
47,1749,12/11/2024,UPI,Mumbai
48,1821,1/15/2024,Card,Mumbai
49,906,5/20/2025,Card,Pune
50,505,8/29/2025,Card,Bangalore
51,874,4/10/2025,Cash,Delhi
52,1637,11/2/2023,UPI,Kolkata
53,1507,4/30/2024,Card,Mumbai
54,1579,9/8/2024,Card,Pune
55,333,5/24/2024,UPI,Pune
56,109,9/6/2025,UPI,Pune
57,1804,4/4/2025,Cash,Kolkata
58,1443,11/20/2023,Card,Pune
59,1028,5/2/2024,Cash,Delhi
60,1076,10/27/2023,Cash,Bangalore
61,687,11/19/2023,Card,Pune
62,225,12/15/2023,UPI,Mumbai
63,690,11/9/2023,Cash,Mumbai
64,1447,6/27/2025,UPI,Pune
65,1875,9/3/2025,Card,Delhi
66,657,12/19/2024,UPI,Kolkata
67,1474,1/15/2024,UPI,Mumbai
68,1419,5/26/2024,Card,Bangalore
69,1107,11/13/2023,Cash,Mumbai
70,1827,12/17/2023,Cash,Mumbai
71,1298,1/20/2024,Cash,Pune
72,1507,5/6/2024,Card,Kolkata
73,261,10/15/2024,UPI,Delhi
74,119,7/30/2024,UPI,Delhi
75,639,1/10/2024,Card,Pune
76,263,1/12/2025,Cash,Delhi
77,667,3/5/2024,UPI,Pune
78,1209,7/15/2024,Cash,Mumbai
79,107,9/19/2024,Cash,Pune
80,1693,11/22/2023,Card,Delhi
81,324,11/10/2024,UPI,Kolkata
82,13,10/8/2024,Cash,Delhi
83,7,6/16/2025,Cash,Delhi
84,1039,12/9/2024,UPI,Delhi
85,455,7/12/2025,Cash,Pune
86,1967,8/1/2025,Cash,Kolkata
87,411,10/14/2025,Cash,Kolkata
88,253,7/19/2025,Card,Pune
89,1648,2/28/2024,Card,Bangalore
90,1187,9/30/2025,UPI,Pune
91,509,7/23/2024,Cash,Delhi
92,1841,1/16/2025,Card,Delhi
93,1907,9/13/2024,UPI,Kolkata
94,1533,9/30/2024,Card,Bangalore
95,893,11/19/2024,Card,Delhi
96,868,12/25/2023,Cash,Delhi
97,1727,7/26/2024,Cash,Delhi
98,1391,9/8/2025,Card,Delhi
99,630,9/14/2025,Card,Kolkata
100,245,8/25/2025,Cash,Kolkata
101,500,5/14/2024,Card,Pune
102,1941,8/13/2024,UPI,Bangalore
103,858,4/19/2024,Card,Mumbai
104,837,3/6/2025,UPI,Mumbai
105,381,6/20/2025,Cash,Mumbai
106,1641,5/22/2024,UPI,Kolkata
107,249,9/2/2025,Cash,Mumbai
108,1035,6/6/2024,Cash,Bangalore
109,401,2/20/2024,Card,Delhi
110,1281,4/8/2024,UPI,Delhi
111,1113,2/8/2025,Card,Kolkata
112,763,12/1/2024,Card,Delhi
113,369,4/27/2024,Card,Delhi
114,1958,11/29/2024,UPI,Kolkata
115,785,4/30/2024,Cash,Delhi
116,726,10/5/2024,Cash,Pune
117,275,1/16/2025,Cash,Pune
118,1852,11/26/2023,Card,Delhi
119,606,6/22/2025,Card,Pune
120,768,3/15/2025,Cash,Delhi
121,1737,9/19/2024,Cash,Kolkata
122,793,12/7/2023,Cash,Pune
123,1035,10/12/2024,Card,Delhi
124,345,1/2/2024,Cash,Bangalore
125,854,2/21/2024,Cash,Kolkata
126,199,7/9/2024,Card,Kolkata
127,1126,5/10/2024,Cash,Pune
128,1071,6/7/2024,UPI,Bangalore
129,341,12/20/2024,UPI,Kolkata
130,387,9/24/2024,UPI,Delhi
131,1001,8/29/2025,Card,Pune
132,778,7/16/2025,Card,Kolkata
133,1860,2/1/2025,Card,Kolkata
134,101,2/7/2025,Cash,Pune
135,888,5/10/2024,UPI,Delhi
136,1829,9/29/2024,Cash,Mumbai
137,1833,12/20/2024,Cash,Bangalore
138,217,11/16/2024,Card,Delhi
139,1500,1/29/2025,Cash,Delhi
140,1807,5/28/2024,Cash,Bangalore
141,418,5/6/2024,Card,Pune
142,1541,3/26/2024,UPI,Pune
143,239,12/8/2024,Card,Pune
144,1938,11/27/2024,Cash,Pune
145,126,7/29/2024,Card,Delhi
146,511,4/17/2025,UPI,Pune
147,1508,12/24/2023,Card,Mumbai
148,1139,2/1/2024,Card,Pune
149,974,12/29/2024,UPI,Pune
150,672,6/23/2024,Cash,Delhi
151,1049,4/19/2024,Card,Pune
152,126,6/13/2025,UPI,Bangalore
153,1905,1/4/2025,UPI,Kolkata
154,1310,7/4/2025,Card,Delhi
155,1649,8/12/2024,Card,Kolkata
156,748,3/22/2025,Card,Pune
157,1431,10/21/2025,UPI,Kolkata
158,1959,12/1/2023,Card,Delhi
159,1159,3/14/2024,Card,Kolkata
160,1167,2/14/2024,Cash,Bangalore
161,976,6/23/2024,UPI,Bangalore
162,1645,11/28/2023,Card,Kolkata
163,1517,11/6/2023,UPI,Kolkata
164,376,4/25/2024,UPI,Kolkata
165,125,12/15/2024,Cash,Pune
166,527,7/23/2025,Card,Delhi
167,1049,4/25/2025,UPI,Pune
168,534,7/10/2024,UPI,Kolkata
169,151,3/29/2025,Cash,Delhi
170,1964,4/21/2025,Card,Delhi
171,1870,1/21/2025,UPI,Mumbai
172,1050,5/13/2024,UPI,Delhi
173,1654,4/24/2025,Card,Delhi
174,1487,6/11/2024,Card,Pune
175,458,8/21/2025,Cash,Kolkata
176,1445,4/17/2025,Cash,Delhi
177,645,3/4/2024,Cash,Kolkata
178,263,10/1/2024,UPI,Pune
179,945,1/6/2024,Card,Pune
180,1168,2/11/2025,UPI,Pune
181,1715,1/27/2025,Cash,Bangalore
182,1556,2/26/2025,Cash,Mumbai
183,538,2/13/2025,Card,Mumbai
184,1387,7/3/2025,UPI,Mumbai
185,1169,11/25/2023,Card,Kolkata
186,1526,12/23/2023,UPI,Kolkata
187,807,7/12/2024,UPI,Bangalore
188,181,6/11/2024,UPI,Mumbai
189,959,3/5/2024,Card,Pune
190,867,5/6/2024,Cash,Bangalore
191,1497,10/24/2024,UPI,Bangalore
192,1020,1/31/2025,Cash,Mumbai
193,873,12/8/2023,Card,Delhi
194,779,8/10/2025,UPI,Pune
195,1715,2/22/2024,UPI,Mumbai
196,1069,9/16/2024,Card,Bangalore
197,674,12/26/2024,Cash,Pune
198,65,5/30/2025,UPI,Bangalore
199,129,3/17/2025,Card,Kolkata
200,452,9/13/2025,Cash,Bangalore
201,370,12/5/2023,Card,Delhi
202,569,1/17/2025,UPI,Bangalore
203,1606,6/25/2025,Cash,Kolkata
204,1200,7/5/2025,UPI,Pune
205,1045,7/10/2025,Cash,Pune
206,413,10/11/2024,UPI,Delhi
207,1228,6/14/2024,Cash,Mumbai
208,208,11/22/2024,Card,Delhi
209,44,8/18/2025,Card,Pune
210,705,11/22/2024,Card,Pune
211,1373,1/17/2024,UPI,Pune
212,790,9/5/2025,UPI,Mumbai
213,548,7/28/2025,Cash,Mumbai
214,1692,11/17/2024,UPI,Kolkata
215,649,5/25/2024,UPI,Mumbai
216,1401,5/12/2025,UPI,Kolkata
217,1119,5/28/2024,Cash,Bangalore
218,1156,2/10/2024,UPI,Delhi
219,1886,6/18/2024,UPI,Pune
220,1566,8/2/2025,UPI,Delhi
221,354,11/13/2024,Card,Mumbai
222,944,8/23/2025,UPI,Mumbai
223,241,8/17/2024,Cash,Kolkata
224,751,7/23/2025,Cash,Mumbai
225,1430,5/23/2024,UPI,Bangalore
226,1327,10/18/2024,Card,Bangalore
227,652,6/14/2025,Cash,Mumbai
228,1491,6/2/2024,UPI,Delhi
229,929,4/17/2025,Cash,Kolkata
230,528,8/10/2024,Cash,Delhi
231,1547,11/23/2024,Cash,Bangalore
232,1903,4/28/2024,UPI,Mumbai
233,407,11/20/2023,Cash,Kolkata
234,1259,4/2/2024,Card,Mumbai
235,260,9/30/2024,Cash,Kolkata
236,1345,6/17/2025,Card,Delhi
237,181,5/21/2024,Cash,Pune
238,1066,3/20/2024,Card,Mumbai
239,241,8/19/2025,UPI,Kolkata
240,833,11/25/2024,Cash,Mumbai
241,147,8/30/2024,UPI,Delhi
242,388,2/4/2025,Card,Pune
243,1569,9/24/2024,Card,Kolkata
244,498,7/22/2025,UPI,Bangalore
245,849,1/26/2025,Cash,Bangalore
246,1962,8/10/2024,UPI,Delhi
247,954,2/2/2025,Card,Bangalore
248,1918,11/11/2024,Card,Delhi
249,788,7/14/2025,UPI,Pune
250,1762,1/13/2024,Cash,Mumbai
251,1101,6/11/2025,Cash,Delhi
252,1461,6/16/2024,Cash,Pune
253,1614,1/25/2024,Card,Mumbai
254,1883,7/30/2025,UPI,Bangalore
255,483,10/6/2024,UPI,Bangalore
256,322,12/8/2024,UPI,Mumbai
257,1442,11/1/2023,UPI,Bangalore
258,740,4/26/2024,UPI,Pune
259,1555,1/2/2024,Cash,Bangalore
260,827,6/8/2024,Cash,Kolkata
261,565,12/7/2024,UPI,Bangalore
262,1864,1/2/2025,Card,Delhi
263,732,12/23/2023,Card,Kolkata
264,954,10/23/2025,Cash,Delhi
265,1039,9/12/2025,UPI,Bangalore
266,496,11/22/2024,Card,Delhi
267,955,7/15/2025,Cash,Delhi
268,1887,5/16/2025,Cash,Pune
269,1381,5/24/2025,Cash,Pune
270,17,4/2/2024,Card,Pune
271,498,2/19/2024,UPI,Pune
272,1432,1/18/2024,Cash,Bangalore
273,1973,9/6/2024,Cash,Kolkata
274,1246,11/26/2024,Cash,Delhi
275,1373,3/27/2024,Cash,Bangalore
276,576,9/4/2025,Card,Bangalore
277,1163,4/19/2025,Card,Mumbai
278,1937,4/21/2024,UPI,Delhi
279,869,2/20/2024,UPI,Pune
280,1931,4/14/2024,Cash,Bangalore
281,1590,8/10/2024,Card,Kolkata
282,1420,8/16/2024,Card,Kolkata
283,1783,6/12/2024,UPI,Delhi
284,1222,6/26/2025,UPI,Kolkata
285,1774,10/25/2024,Card,Delhi
286,1728,12/31/2024,Cash,Mumbai
287,1083,6/25/2025,Cash,Mumbai
288,1775,1/27/2025,UPI,Pune
289,1037,12/8/2023,Cash,Pune
290,1488,6/5/2024,UPI,Mumbai
291,27,5/6/2025,Cash,Delhi
292,1809,2/2/2024,UPI,Kolkata
293,1081,7/31/2025,Cash,Pune
294,801,2/27/2025,UPI,Mumbai
295,23,4/22/2024,UPI,Kolkata
296,1736,7/4/2024,UPI,Delhi
297,712,12/17/2023,Card,Pune
298,1447,6/6/2025,Card,Pune
299,1866,5/12/2024,Cash,Pune
300,168,9/16/2024,UPI,Bangalore
301,1338,3/24/2025,Card,Bangalore
302,106,5/6/2025,Cash,Delhi
303,1198,8/25/2025,UPI,Kolkata
304,1351,1/22/2025,Card,Kolkata
305,634,5/12/2025,Cash,Delhi
306,1757,4/10/2025,Card,Mumbai
307,1459,12/1/2023,Card,Mumbai
308,618,7/7/2024,UPI,Delhi
309,396,11/26/2024,Cash,Mumbai
310,1641,11/2/2023,UPI,Pune
311,1302,11/2/2023,UPI,Delhi
312,1244,2/20/2024,UPI,Mumbai
313,1881,6/25/2024,Card,Kolkata
314,1265,11/21/2023,UPI,Delhi
315,464,8/25/2024,UPI,Pune
316,328,6/30/2025,Cash,Pune
317,1432,10/24/2025,Cash,Mumbai
318,238,1/25/2024,UPI,Bangalore
319,202,8/24/2024,Cash,Mumbai
320,1655,9/24/2025,UPI,Kolkata
321,1594,3/28/2025,Cash,Kolkata
322,1419,4/5/2025,Cash,Bangalore
323,80,10/23/2024,Card,Delhi
324,275,11/29/2024,Cash,Bangalore
325,487,12/10/2023,UPI,Kolkata
326,328,11/6/2023,UPI,Mumbai
327,1477,10/23/2025,Cash,Kolkata
328,318,12/15/2023,UPI,Mumbai
329,1054,4/21/2024,Card,Delhi
330,584,5/21/2025,UPI,Bangalore
331,200,2/24/2024,Card,Mumbai
332,630,6/17/2024,UPI,Bangalore
333,183,10/18/2025,Card,Pune
334,383,5/27/2025,Cash,Kolkata
335,96,7/24/2025,Cash,Bangalore
336,1241,2/26/2024,Cash,Pune
337,219,2/14/2025,Card,Pune
338,105,2/4/2024,Card,Delhi
339,693,11/23/2023,Card,Kolkata
340,162,8/20/2024,Card,Mumbai
341,1192,6/18/2024,Cash,Pune
342,304,4/7/2024,Cash,Kolkata
343,367,9/19/2024,Card,Mumbai
344,187,8/29/2025,Cash,Mumbai
345,1039,1/23/2025,Cash,Pune
346,1240,9/7/2025,Cash,Mumbai
347,1937,1/10/2024,Cash,Bangalore
348,314,10/4/2024,Cash,Mumbai
349,716,9/26/2025,Card,Kolkata
350,1338,9/19/2024,Cash,Mumbai
351,1932,9/20/2024,UPI,Kolkata
352,1678,7/19/2024,UPI,Bangalore
353,858,5/12/2025,Card,Mumbai
354,853,12/27/2024,Cash,Bangalore
355,1400,5/26/2025,UPI,Kolkata
356,144,9/28/2024,Cash,Bangalore
357,544,11/5/2023,UPI,Bangalore
358,416,3/26/2024,Cash,Bangalore
359,1661,1/13/2024,UPI,Kolkata
360,733,12/1/2024,UPI,Delhi
361,154,1/27/2025,Card,Bangalore
362,1367,3/15/2024,UPI,Mumbai
363,1230,5/16/2024,Cash,Bangalore
364,982,4/13/2024,Cash,Delhi
365,1206,8/17/2025,Cash,Kolkata
366,1074,8/6/2024,Card,Pune
367,288,11/28/2024,Cash,Kolkata
368,634,5/23/2024,UPI,Mumbai
369,386,8/28/2025,UPI,Kolkata
370,871,1/8/2025,Card,Mumbai
371,1427,4/29/2024,Card,Kolkata
372,107,3/25/2024,UPI,Delhi
373,615,10/1/2025,UPI,Pune
374,907,10/24/2024,UPI,Pune
375,1,8/1/2025,Cash,Mumbai
376,821,10/24/2025,Cash,Delhi
377,220,10/3/2025,Card,Bangalore
378,1336,8/31/2025,Card,Pune
379,991,9/6/2024,UPI,Pune
380,140,3/14/2025,Cash,Bangalore
381,5,2/14/2025,UPI,Delhi
382,2,8/30/2024,UPI,Delhi
383,305,6/26/2024,Cash,Pune
384,1673,12/11/2023,Card,Delhi
385,1149,2/23/2024,Card,Kolkata
386,934,6/27/2025,Card,Delhi
387,860,12/17/2023,Card,Delhi
388,1335,4/3/2024,Card,Bangalore
389,1860,9/5/2025,Cash,Kolkata
390,767,1/26/2025,Cash,Delhi
391,247,3/10/2025,Cash,Pune
392,1791,1/2/2024,Cash,Delhi
393,1052,8/31/2024,Card,Pune
394,1685,12/24/2023,Card,Delhi
395,913,8/30/2024,Card,Bangalore
396,1184,12/12/2024,Card,Pune
397,262,10/16/2024,Card,Mumbai
398,733,12/12/2024,UPI,Pune
399,71,3/18/2025,Cash,Delhi
400,454,2/1/2025,UPI,Pune
401,1114,9/22/2025,UPI,Kolkata
402,1199,10/12/2024,Card,Delhi
403,1484,1/15/2024,Card,Kolkata
404,1964,1/28/2024,Cash,Mumbai
405,1028,1/16/2024,Cash,Mumbai
406,350,5/1/2025,UPI,Kolkata
407,779,9/14/2024,Cash,Mumbai
408,1135,9/23/2025,Card,Pune
409,1576,11/9/2023,Cash,Mumbai
410,1794,8/12/2025,Cash,Kolkata
411,602,4/8/2024,Cash,Pune
412,247,7/25/2025,UPI,Pune
413,1702,1/26/2025,Card,Delhi
414,879,5/10/2024,Card,Mumbai
415,1413,7/12/2025,UPI,Pune
416,52,7/31/2024,Cash,Bangalore
417,346,9/2/2025,UPI,Pune
418,1612,8/28/2025,Cash,Bangalore
419,125,5/13/2024,Cash,Pune
420,1920,3/14/2024,UPI,Delhi
421,1797,9/27/2024,Cash,Delhi
422,1378,3/8/2025,UPI,Bangalore
423,1931,10/24/2024,UPI,Mumbai
424,385,11/17/2023,Card,Delhi
425,103,12/21/2024,UPI,Bangalore
426,84,9/17/2025,Cash,Bangalore
427,163,8/16/2025,UPI,Kolkata
428,595,5/20/2025,UPI,Pune
429,939,1/31/2024,Cash,Delhi
430,915,11/11/2024,UPI,Delhi
431,239,9/23/2025,UPI,Mumbai
432,1478,3/3/2024,UPI,Delhi
433,1289,8/21/2025,UPI,Pune
434,830,10/9/2025,Card,Pune
435,838,5/28/2024,Card,Kolkata
436,1929,11/18/2023,UPI,Mumbai
437,336,5/2/2025,Cash,Bangalore
438,1389,1/7/2025,UPI,Kolkata
439,801,11/24/2024,Cash,Bangalore
440,512,7/8/2025,UPI,Bangalore
441,1557,3/25/2024,Card,Mumbai
442,460,7/26/2024,UPI,Bangalore
443,13,4/21/2024,UPI,Pune
444,581,1/14/2025,Cash,Mumbai
445,516,3/9/2025,Cash,Pune
446,1162,8/9/2025,Cash,Mumbai
447,1059,4/23/2025,Card,Kolkata
448,1822,4/25/2025,Cash,Delhi
449,1304,9/28/2024,Card,Kolkata
450,649,8/27/2024,UPI,Kolkata
451,1225,4/27/2024,UPI,Delhi
452,1680,2/20/2024,UPI,Bangalore
453,372,4/25/2025,UPI,Mumbai
454,1172,12/28/2024,UPI,Delhi
455,686,8/13/2025,Card,Mumbai
456,450,10/19/2025,Cash,Mumbai
457,1477,6/3/2025,Card,Pune
458,1083,7/9/2025,UPI,Bangalore
459,1131,12/17/2023,Cash,Kolkata
460,303,11/20/2023,Card,Bangalore
461,486,12/8/2024,Cash,Pune
462,642,7/17/2024,Card,Bangalore
463,30,7/2/2025,UPI,Pune
464,111,7/20/2024,Cash,Mumbai
465,158,2/13/2024,Cash,Mumbai
466,1777,5/29/2025,Cash,Mumbai
467,445,11/27/2024,Card,Delhi
468,1883,8/8/2025,Card,Bangalore
469,1739,4/16/2025,Card,Bangalore
470,1032,6/16/2024,UPI,Mumbai
471,1534,2/7/2025,UPI,Pune
472,1996,5/21/2024,Cash,Kolkata
473,605,6/5/2025,UPI,Kolkata
474,532,11/20/2023,UPI,Bangalore
475,1035,3/12/2024,Cash,Pune
476,1322,8/29/2025,Cash,Delhi
477,235,10/25/2024,Cash,Kolkata
478,520,11/6/2024,Cash,Delhi
479,374,4/22/2025,Cash,Bangalore
480,54,11/11/2023,UPI,Pune
481,269,11/1/2023,Card,Pune
482,161,9/3/2024,UPI,Pune
483,1599,9/18/2024,UPI,Mumbai
484,1652,7/13/2025,UPI,Pune
485,1,1/16/2025,Cash,Bangalore
486,1674,1/6/2024,Card,Pune
487,1684,2/21/2025,Card,Delhi
488,634,11/9/2024,Card,Delhi
489,387,3/25/2024,Card,Mumbai
490,1284,5/6/2024,Card,Delhi
491,548,12/27/2023,UPI,Kolkata
492,488,7/11/2024,Cash,Bangalore
493,1696,5/27/2024,Card,Bangalore
494,1020,1/10/2025,UPI,Mumbai
495,1397,1/16/2025,UPI,Pune
496,720,3/24/2025,UPI,Delhi
497,424,5/4/2025,Card,Pune
498,602,12/2/2023,Card,Kolkata
499,1190,7/18/2024,UPI,Kolkata
500,531,9/6/2025,Cash,Pune
501,1530,5/17/2024,UPI,Bangalore
502,748,1/23/2024,UPI,Bangalore
503,1522,6/26/2024,Card,Delhi
504,354,12/27/2024,UPI,Pune
505,1532,9/15/2024,Cash,Bangalore
506,410,3/15/2024,UPI,Pune
507,854,2/5/2025,Card,Delhi
508,1664,7/27/2024,UPI,Kolkata
509,231,9/18/2024,Cash,Mumbai
510,446,5/10/2024,Cash,Bangalore
511,1516,1/17/2025,Cash,Pune
512,1597,3/19/2024,UPI,Bangalore
513,1684,5/7/2025,UPI,Pune
514,1756,12/16/2023,Cash,Bangalore
515,1719,7/8/2025,Card,Mumbai
516,901,4/7/2024,UPI,Mumbai
517,1153,7/7/2024,Cash,Delhi
518,806,6/24/2024,UPI,Pune
519,1488,8/7/2025,Card,Pune
520,382,3/2/2024,Card,Delhi
521,1336,7/9/2024,Cash,Kolkata
522,1204,7/1/2025,Cash,Kolkata
523,639,1/6/2025,Card,Bangalore
524,1779,4/24/2025,Card,Kolkata
525,183,5/20/2025,UPI,Mumbai
526,1313,6/23/2024,Cash,Bangalore
527,517,5/14/2024,UPI,Bangalore
528,892,1/17/2024,Cash,Pune
529,719,6/7/2024,Cash,Kolkata
530,571,8/31/2024,UPI,Mumbai
531,886,10/13/2025,UPI,Bangalore
532,701,6/18/2024,Cash,Pune
533,1172,6/2/2024,Card,Delhi
534,821,9/25/2024,Cash,Pune
535,94,4/18/2025,Cash,Pune
536,1541,10/31/2024,Cash,Delhi
537,577,5/23/2024,UPI,Kolkata
538,1399,2/3/2024,Cash,Pune
539,874,12/10/2023,Cash,Kolkata
540,865,10/7/2024,Cash,Mumbai
541,757,12/23/2023,Card,Kolkata
542,1912,2/11/2024,Cash,Bangalore
543,1954,3/7/2025,UPI,Bangalore
544,1576,1/29/2024,UPI,Delhi
545,1676,1/27/2025,Cash,Kolkata
546,324,8/30/2025,UPI,Kolkata
547,159,11/14/2024,Card,Pune
548,731,7/17/2024,Cash,Kolkata
549,418,1/10/2024,Card,Kolkata
550,350,7/27/2025,UPI,Kolkata
551,641,11/25/2024,UPI,Mumbai
552,1595,7/3/2025,UPI,Delhi
553,500,12/6/2024,UPI,Pune
554,1208,3/7/2025,Card,Kolkata
555,1821,6/19/2024,Cash,Pune
556,862,7/2/2025,UPI,Mumbai
557,1422,8/4/2024,UPI,Kolkata
558,1321,5/31/2024,Card,Bangalore
559,1542,11/17/2024,Cash,Delhi
560,1059,5/6/2025,Cash,Pune
561,1685,6/7/2024,Cash,Bangalore
562,731,9/14/2024,Cash,Bangalore
563,38,11/10/2023,Card,Mumbai
564,973,5/17/2025,UPI,Mumbai
565,446,6/20/2024,UPI,Pune
566,1721,9/17/2024,UPI,Delhi
567,25,12/12/2023,Card,Delhi
568,801,7/17/2025,UPI,Bangalore
569,1828,3/4/2025,UPI,Mumbai
570,78,4/23/2024,UPI,Mumbai
571,17,3/24/2025,UPI,Delhi
572,1417,12/16/2024,Card,Pune
573,1758,8/9/2025,Card,Mumbai
574,1190,3/4/2025,UPI,Mumbai
575,741,7/18/2024,Card,Delhi
576,412,10/14/2025,Card,Delhi
577,1055,4/23/2024,Card,Mumbai
578,1571,9/4/2025,Card,Delhi
579,209,6/2/2025,UPI,Mumbai
580,739,7/11/2024,Cash,Mumbai
581,1804,4/19/2024,Card,Pune
582,1934,4/6/2025,UPI,Bangalore
583,1515,5/12/2024,Cash,Mumbai
584,1941,9/4/2025,Cash,Delhi
585,11,11/14/2023,UPI,Pune
586,1292,8/20/2024,Card,Mumbai
587,1390,8/5/2024,Card,Bangalore
588,573,2/19/2025,Card,Mumbai
589,1494,7/12/2025,Card,Bangalore
590,317,9/11/2025,UPI,Pune
591,601,12/22/2023,UPI,Bangalore
592,855,6/30/2024,Card,Bangalore
593,895,10/20/2024,Cash,Pune
594,1404,3/16/2024,UPI,Kolkata
595,1334,9/3/2025,UPI,Bangalore
596,1319,8/11/2024,Card,Mumbai
597,781,2/25/2025,Card,Bangalore
598,243,12/30/2024,Card,Pune
599,1918,7/25/2024,UPI,Pune
600,11,12/25/2023,UPI,Kolkata
601,1856,4/27/2025,Card,Mumbai
602,395,11/21/2024,Cash,Mumbai
603,696,5/23/2025,Cash,Bangalore
604,1512,9/21/2025,UPI,Pune
605,402,4/16/2024,Cash,Mumbai
606,1887,8/6/2024,Card,Bangalore
607,1683,1/5/2024,Card,Mumbai
608,307,3/3/2025,Card,Mumbai
609,934,5/30/2024,Cash,Kolkata
610,1387,10/28/2024,Cash,Mumbai
611,1759,8/16/2024,Card,Mumbai
612,1765,11/15/2023,Cash,Delhi
613,305,6/27/2024,Cash,Bangalore
614,1018,5/22/2025,Cash,Pune
615,854,5/24/2025,Card,Bangalore
616,1459,2/14/2024,Card,Mumbai
617,1065,10/23/2024,UPI,Bangalore
618,647,6/13/2025,Cash,Mumbai
619,842,9/21/2024,UPI,Delhi
620,1331,7/22/2025,UPI,Pune
621,1738,12/18/2023,Cash,Pune
622,1155,10/20/2024,UPI,Mumbai
623,1436,7/18/2025,UPI,Pune
624,143,6/23/2025,Cash,Kolkata
625,1517,10/26/2023,UPI,Mumbai
626,919,4/8/2025,Card,Pune
627,1369,7/4/2024,Cash,Delhi
628,853,2/24/2025,UPI,Bangalore
629,1990,8/14/2025,Card,Bangalore
630,1476,1/24/2024,Card,Kolkata
631,1308,9/14/2024,Card,Bangalore
632,358,6/20/2024,Cash,Delhi
633,1514,12/1/2023,Card,Bangalore
634,480,4/25/2024,UPI,Delhi
635,1357,4/11/2025,UPI,Kolkata
636,1764,1/17/2024,Cash,Mumbai
637,258,1/9/2024,UPI,Pune
638,1379,7/30/2025,Cash,Bangalore
639,1356,6/21/2024,UPI,Bangalore
640,1699,12/29/2024,UPI,Mumbai
641,1550,1/1/2025,Cash,Mumbai
642,853,7/21/2025,Cash,Bangalore
643,3,7/13/2025,Card,Bangalore
644,243,12/10/2023,Cash,Kolkata
645,534,1/22/2024,UPI,Bangalore
646,316,12/1/2023,UPI,Kolkata
647,518,12/22/2023,UPI,Delhi
648,935,2/29/2024,UPI,Kolkata
649,1023,7/4/2024,UPI,Pune
650,393,7/19/2025,Cash,Delhi
651,787,11/16/2024,UPI,Kolkata
652,1581,7/17/2025,Card,Kolkata
653,640,6/1/2025,Cash,Delhi
654,1673,6/9/2024,UPI,Bangalore
655,835,3/11/2024,Card,Kolkata
656,1797,9/15/2024,UPI,Mumbai
657,1355,1/1/2024,Card,Delhi
658,1123,3/19/2024,Card,Mumbai
659,1760,3/7/2024,Cash,Kolkata
660,1608,1/29/2024,UPI,Delhi
661,698,5/24/2025,Cash,Kolkata
662,1026,10/8/2024,Cash,Delhi
663,1126,7/17/2024,Card,Delhi
664,720,10/9/2024,Cash,Kolkata
665,1782,7/13/2024,Cash,Kolkata
666,1161,8/8/2024,Cash,Delhi
667,428,8/5/2024,Card,Bangalore
668,220,5/30/2025,Card,Mumbai
669,1040,12/8/2023,Cash,Pune
670,1942,2/26/2024,Cash,Kolkata
671,381,3/26/2025,UPI,Delhi
672,1902,2/15/2025,Cash,Delhi
673,189,10/25/2023,Cash,Delhi
674,877,5/17/2025,Card,Pune
675,180,8/29/2025,Cash,Mumbai
676,1429,6/29/2025,Cash,Pune
677,188,10/19/2025,UPI,Kolkata
678,1305,7/14/2025,Card,Mumbai
679,641,4/10/2024,Cash,Kolkata
680,1419,2/19/2025,UPI,Delhi
681,1996,12/20/2023,Cash,Kolkata
682,414,8/7/2025,UPI,Kolkata
683,1004,6/27/2024,Cash,Bangalore
684,1014,2/6/2025,Cash,Mumbai
685,1370,3/13/2025,Cash,Delhi
686,567,6/11/2025,UPI,Delhi
687,1354,12/26/2024,Card,Pune
688,528,1/7/2024,Card,Bangalore
689,652,11/26/2024,Card,Delhi
690,1019,1/4/2024,Cash,Bangalore
691,1735,3/17/2025,Card,Mumbai
692,723,8/1/2024,Cash,Pune
693,661,12/4/2024,Card,Kolkata
694,1402,4/27/2024,Card,Delhi
695,1875,6/11/2024,UPI,Pune
696,651,7/12/2024,UPI,Bangalore
697,1711,7/28/2024,Cash,Delhi
698,676,5/7/2024,Cash,Delhi
699,1952,4/29/2025,UPI,Delhi
700,535,6/14/2025,Cash,Delhi
701,863,11/4/2024,Card,Delhi
702,1684,2/23/2025,UPI,Delhi
703,1251,5/7/2025,Cash,Kolkata
704,1025,6/12/2024,UPI,Bangalore
705,1144,10/8/2024,Cash,Pune
706,735,12/17/2023,UPI,Bangalore
707,589,11/28/2023,UPI,Mumbai
708,1518,1/18/2025,Card,Mumbai
709,1805,3/27/2025,UPI,Mumbai
710,49,6/1/2024,Card,Mumbai
711,1084,8/28/2024,UPI,Delhi
712,107,7/19/2024,UPI,Bangalore
713,1495,9/12/2024,Card,Mumbai
714,241,12/20/2023,Card,Delhi
715,1126,10/9/2024,Card,Mumbai
716,1991,3/24/2024,Card,Kolkata
717,1472,1/30/2024,Cash,Pune
718,340,4/6/2024,UPI,Kolkata
719,1691,1/10/2025,Cash,Delhi
720,1888,4/1/2024,UPI,Delhi
721,1162,7/20/2025,UPI,Bangalore
722,1985,12/9/2024,Card,Pune
723,1507,12/21/2024,UPI,Delhi
724,1340,11/27/2024,Card,Delhi
725,1668,12/3/2024,Cash,Bangalore
726,896,1/26/2025,Cash,Pune
727,96,1/25/2024,Card,Delhi
728,1617,1/16/2025,UPI,Mumbai
729,1020,9/28/2024,UPI,Delhi
730,360,6/28/2024,Card,Kolkata
731,451,1/1/2025,Cash,Kolkata
732,261,7/26/2024,UPI,Bangalore
733,1616,8/3/2025,Card,Pune
734,216,9/13/2024,Card,Kolkata
735,1629,12/18/2024,Card,Kolkata
736,769,12/16/2024,UPI,Delhi
737,413,11/30/2024,Cash,Mumbai
738,1899,12/16/2024,Cash,Delhi
739,1955,5/7/2024,UPI,Mumbai
740,1485,7/21/2024,UPI,Delhi
741,770,7/11/2025,Cash,Bangalore
742,377,12/13/2023,UPI,Bangalore
743,271,5/14/2025,Card,Delhi
744,1662,2/13/2025,Card,Delhi
745,528,7/8/2024,UPI,Bangalore
746,1103,1/17/2024,UPI,Mumbai
747,1529,11/27/2024,UPI,Kolkata
748,530,2/9/2024,Card,Delhi
749,723,2/26/2025,Cash,Delhi
750,1924,3/27/2024,UPI,Delhi
751,230,9/24/2025,UPI,Bangalore
752,1176,12/1/2023,Cash,Bangalore
753,1170,6/10/2025,Card,Delhi
754,1534,4/25/2024,Cash,Delhi
755,1530,11/20/2024,UPI,Mumbai
756,136,4/2/2025,Cash,Mumbai
757,424,5/17/2024,Cash,Kolkata
758,1640,6/30/2025,UPI,Delhi
759,168,2/13/2024,Card,Pune
760,581,6/1/2024,Card,Pune
761,1285,1/19/2025,UPI,Mumbai
762,1419,2/16/2024,UPI,Bangalore
763,702,9/12/2025,Card,Mumbai
764,877,3/10/2025,UPI,Kolkata
765,123,9/29/2025,Cash,Pune
766,1063,1/28/2025,UPI,Pune
767,1813,8/18/2025,Card,Mumbai
768,1909,10/12/2024,UPI,Delhi
769,1121,6/10/2025,Cash,Kolkata
770,1423,9/28/2025,Cash,Bangalore
771,902,8/17/2025,Card,Mumbai
772,162,1/13/2025,Cash,Mumbai
773,1662,6/18/2024,Card,Pune
774,706,4/1/2025,UPI,Delhi
775,1426,4/16/2025,UPI,Delhi
776,595,1/17/2024,UPI,Kolkata
777,486,5/14/2025,UPI,Kolkata
778,1429,9/14/2024,UPI,Delhi
779,141,3/12/2025,Card,Bangalore
780,861,8/30/2024,Cash,Pune
781,1384,10/6/2025,UPI,Pune
782,1653,5/6/2025,UPI,Pune
783,774,1/21/2025,Cash,Mumbai
784,1073,7/22/2025,Cash,Delhi
785,694,4/29/2025,Card,Pune
786,260,8/26/2025,Card,Pune
787,1256,10/8/2025,Cash,Kolkata
788,1775,12/10/2024,Card,Kolkata
789,1629,5/27/2025,Card,Mumbai
790,1210,6/28/2024,Cash,Delhi
791,345,5/15/2024,Cash,Mumbai
792,513,3/26/2024,Cash,Bangalore
793,180,11/7/2024,Card,Mumbai
794,82,10/4/2025,Card,Pune
795,52,7/8/2025,UPI,Mumbai
796,1512,5/10/2024,Cash,Kolkata
797,267,11/28/2023,Card,Bangalore
798,242,10/13/2025,Card,Delhi
799,1086,11/18/2023,Card,Mumbai
800,1037,8/16/2025,UPI,Bangalore
801,914,5/20/2024,Card,Mumbai
802,1426,1/28/2024,Card,Bangalore
803,1014,8/31/2024,UPI,Delhi
804,967,1/24/2025,Card,Bangalore
805,1768,6/6/2025,Card,Bangalore
806,471,7/1/2025,Cash,Mumbai
807,1917,9/30/2025,Cash,Delhi
808,1754,4/28/2024,UPI,Bangalore
809,857,3/17/2024,Cash,Pune
810,1273,4/6/2024,Cash,Mumbai
811,906,2/29/2024,UPI,Mumbai
812,1378,11/14/2024,UPI,Mumbai
813,1855,1/30/2025,UPI,Bangalore
814,267,6/8/2025,UPI,Kolkata
815,380,10/20/2025,Card,Pune
816,1503,12/12/2024,UPI,Mumbai
817,1836,12/3/2024,Card,Delhi
818,339,7/31/2025,Card,Bangalore
819,728,3/4/2024,Card,Mumbai
820,1840,6/8/2024,UPI,Pune
821,1841,9/7/2025,Card,Mumbai
822,1673,4/4/2025,UPI,Pune
823,760,7/14/2025,Card,Delhi
824,249,11/29/2024,Cash,Kolkata
825,120,1/12/2025,Card,Kolkata
826,927,11/25/2023,Card,Delhi
827,300,7/28/2024,Cash,Delhi
828,1441,5/6/2024,Cash,Delhi
829,1947,3/29/2025,Card,Mumbai
830,1975,4/22/2024,Card,Pune
831,187,7/28/2025,UPI,Pune
832,1170,3/4/2025,Cash,Delhi
833,1822,12/28/2024,UPI,Kolkata
834,1438,7/23/2025,UPI,Delhi
835,92,11/19/2023,Card,Kolkata
836,1358,1/18/2024,UPI,Pune
837,550,2/15/2024,UPI,Delhi
838,1572,10/2/2025,Cash,Mumbai
839,1509,4/25/2024,Card,Bangalore
840,429,2/21/2024,Cash,Pune
841,1506,11/21/2023,UPI,Delhi
842,1992,11/29/2023,Cash,Kolkata
843,59,9/4/2024,Cash,Bangalore
844,325,3/11/2025,Cash,Bangalore
845,1332,3/22/2025,Cash,Mumbai
846,793,6/25/2024,UPI,Kolkata
847,1526,11/13/2023,Cash,Bangalore
848,35,12/1/2023,UPI,Kolkata
849,324,8/11/2025,UPI,Mumbai
850,224,5/25/2025,UPI,Bangalore
851,903,10/20/2024,UPI,Delhi
852,367,3/19/2025,Card,Delhi
853,1767,11/5/2024,UPI,Mumbai
854,1683,2/9/2025,UPI,Pune
855,1945,5/16/2025,Cash,Kolkata
856,786,5/25/2025,UPI,Delhi
857,1859,8/11/2025,Card,Delhi
858,881,9/4/2025,UPI,Kolkata
859,1341,9/7/2025,Cash,Pune
860,1124,11/20/2024,Card,Bangalore
861,1216,2/6/2025,Card,Pune
862,1987,1/13/2024,Cash,Mumbai
863,1162,8/20/2024,UPI,Mumbai
864,1926,9/16/2025,Cash,Delhi
865,1783,6/23/2025,UPI,Bangalore
866,1523,5/1/2025,Card,Pune
867,527,6/8/2024,Cash,Mumbai
868,1163,12/19/2024,Card,Pune
869,813,6/13/2024,UPI,Delhi
870,1115,2/23/2024,Card,Mumbai
871,1165,11/4/2023,UPI,Mumbai
872,1557,3/19/2024,UPI,Bangalore
873,1223,6/4/2025,Cash,Mumbai
874,835,5/30/2025,Card,Bangalore
875,708,2/25/2025,Cash,Kolkata
876,537,4/11/2025,Cash,Kolkata
877,1420,1/5/2025,Card,Bangalore
878,1069,9/4/2025,Cash,Mumbai
879,985,2/19/2025,UPI,Mumbai
880,976,12/7/2023,Cash,Pune
881,722,11/19/2024,Card,Pune
882,536,5/23/2025,Card,Bangalore
883,452,2/9/2024,Card,Delhi
884,830,12/1/2023,Cash,Mumbai
885,1633,8/1/2024,Card,Pune
886,590,6/8/2024,Card,Delhi
887,582,6/2/2024,Card,Pune
888,375,7/16/2025,UPI,Kolkata
889,82,4/13/2024,Card,Mumbai
890,1130,12/8/2023,Card,Pune
891,1827,6/26/2025,UPI,Kolkata
892,1965,4/22/2025,Card,Mumbai
893,1289,6/16/2025,Card,Kolkata
894,1278,1/2/2024,UPI,Pune
895,620,12/7/2024,Card,Bangalore
896,444,1/16/2025,Card,Mumbai
897,542,11/26/2023,Card,Mumbai
898,69,5/26/2025,UPI,Delhi
899,47,5/15/2024,Card,Delhi
900,1708,7/2/2025,Cash,Pune
901,1503,3/24/2025,Cash,Bangalore
902,735,7/12/2024,Card,Mumbai
903,507,10/12/2024,Card,Kolkata
904,228,5/25/2024,Card,Bangalore
905,95,8/25/2025,UPI,Kolkata
906,199,6/12/2024,UPI,Mumbai
907,1076,6/28/2025,Card,Delhi
908,1747,8/19/2025,UPI,Kolkata
909,837,9/25/2024,Card,Kolkata
910,1183,7/24/2024,UPI,Pune
911,54,6/12/2025,Cash,Mumbai
912,1888,2/14/2025,Cash,Bangalore
913,698,7/10/2024,Cash,Mumbai
914,1169,9/28/2025,Card,Delhi
915,623,6/18/2024,Cash,Bangalore
916,1419,12/6/2023,UPI,Mumbai
917,1349,2/22/2024,UPI,Kolkata
918,1895,5/31/2025,Card,Kolkata
919,982,10/7/2024,Cash,Pune
920,1891,3/31/2024,UPI,Bangalore
921,1862,7/26/2025,Card,Bangalore
922,1929,9/19/2024,UPI,Kolkata
923,808,8/4/2025,Card,Pune
924,171,10/11/2025,UPI,Mumbai
925,942,11/27/2024,Card,Pune
926,1138,12/25/2023,Card,Kolkata
927,532,7/27/2024,UPI,Kolkata
928,345,7/19/2025,Card,Kolkata
929,1458,2/12/2025,Card,Delhi
930,1759,9/5/2024,Card,Bangalore
931,1375,5/20/2025,Cash,Mumbai
932,1068,7/11/2025,UPI,Bangalore
933,712,1/31/2025,Card,Pune
934,796,10/16/2025,UPI,Delhi
935,366,4/14/2025,Card,Mumbai
936,87,12/6/2023,Card,Pune
937,97,4/23/2024,UPI,Delhi
938,716,9/20/2025,Cash,Delhi
939,837,1/28/2024,Card,Bangalore
940,1515,12/14/2024,Cash,Delhi
941,337,8/6/2025,Cash,Pune
942,1189,12/10/2024,Cash,Bangalore
943,1902,4/14/2025,Cash,Bangalore
944,1358,2/18/2024,Cash,Bangalore
945,671,12/11/2024,Cash,Delhi
946,1007,2/13/2025,UPI,Pune
947,1075,10/25/2024,Cash,Bangalore
948,1234,10/12/2025,Card,Bangalore
949,954,8/22/2025,Cash,Mumbai
950,854,8/24/2024,Card,Delhi
951,1799,1/29/2024,Cash,Pune
952,1210,11/16/2023,Card,Mumbai
953,1842,8/2/2024,Card,Bangalore
954,1142,6/18/2024,Card,Delhi
955,1686,9/21/2025,Card,Pune
956,1958,5/2/2024,Cash,Kolkata
957,86,1/10/2024,Card,Kolkata
958,808,3/30/2025,UPI,Bangalore
959,1746,4/6/2025,Card,Delhi
960,723,7/17/2025,Card,Mumbai
961,763,6/21/2024,UPI,Pune
962,144,1/10/2024,Cash,Delhi
963,86,2/11/2025,Cash,Mumbai
964,1598,5/26/2024,Card,Mumbai
965,1447,8/20/2025,UPI,Mumbai
966,1363,2/16/2024,Cash,Pune
967,775,9/3/2025,Card,Delhi
968,842,11/6/2023,UPI,Bangalore
969,1350,10/17/2025,UPI,Mumbai
970,1940,6/28/2024,UPI,Mumbai
971,1550,12/11/2024,UPI,Kolkata
972,1271,5/30/2025,Cash,Mumbai
973,790,7/29/2025,Cash,Mumbai
974,826,5/12/2024,Card,Pune
975,774,2/29/2024,Cash,Pune
976,1365,7/27/2024,Card,Delhi
977,1900,12/16/2023,Card,Delhi
978,293,10/31/2024,Cash,Kolkata
979,265,10/13/2024,Card,Pune
980,1549,12/14/2024,Card,Pune
981,1311,1/2/2024,Card,Pune
982,1794,5/9/2025,Cash,Bangalore
983,229,10/31/2024,UPI,Pune
984,1861,7/18/2025,UPI,Pune
985,897,3/10/2025,Card,Delhi
986,1365,8/15/2025,UPI,Mumbai
987,1519,10/4/2025,UPI,Delhi
988,1719,12/11/2024,UPI,Bangalore
989,1749,9/6/2025,Card,Kolkata
990,1785,12/21/2023,Cash,Bangalore
991,1508,12/21/2024,Card,Delhi
992,165,2/10/2024,Cash,Delhi
993,465,3/3/2025,Card,Delhi
994,1160,10/15/2024,UPI,Delhi
995,1980,2/14/2025,Card,Kolkata
996,67,12/22/2024,Cash,Delhi
997,1550,7/7/2024,Cash,Bangalore
998,1106,9/3/2024,UPI,Delhi
999,1333,9/27/2024,UPI,Mumbai
1000,758,12/28/2023,UPI,Kolkata
1001,1284,11/2/2023,UPI,Delhi
1002,477,10/6/2025,Cash,Kolkata
1003,764,3/15/2024,UPI,Kolkata
1004,238,11/2/2023,Card,Kolkata
1005,1731,6/1/2025,UPI,Kolkata
1006,233,8/5/2024,UPI,Pune
1007,1172,3/26/2025,Card,Pune
1008,1007,1/12/2025,Card,Bangalore
1009,607,2/19/2024,Cash,Bangalore
1010,621,6/24/2024,Card,Bangalore
1011,1178,4/9/2025,UPI,Kolkata
1012,1149,10/28/2024,UPI,Delhi
1013,1294,9/8/2024,UPI,Delhi
1014,536,7/15/2024,UPI,Kolkata
1015,374,5/6/2024,Cash,Pune
1016,1780,5/18/2025,UPI,Bangalore
1017,1832,4/1/2024,Card,Kolkata
1018,917,6/9/2025,UPI,Delhi
1019,1452,12/21/2024,UPI,Bangalore
1020,794,5/2/2024,Card,Bangalore
1021,210,2/13/2025,UPI,Pune
1022,1222,7/31/2025,UPI,Kolkata
1023,519,6/18/2024,Card,Kolkata
1024,1935,9/29/2025,UPI,Delhi
1025,1319,2/25/2024,UPI,Kolkata
1026,1008,7/4/2025,Card,Bangalore
1027,1212,10/1/2024,Cash,Kolkata
1028,255,10/16/2024,UPI,Mumbai
1029,738,2/7/2024,Cash,Delhi
1030,340,10/18/2024,Cash,Bangalore
1031,1795,11/12/2024,UPI,Delhi
1032,1787,5/10/2025,UPI,Pune
1033,1082,6/3/2025,Card,Delhi
1034,1715,4/7/2025,Card,Bangalore
1035,1367,5/6/2025,Card,Mumbai
1036,722,3/9/2024,UPI,Mumbai
1037,595,8/14/2025,UPI,Delhi
1038,1123,11/22/2024,Card,Pune
1039,1730,12/15/2023,Card,Bangalore
1040,1308,3/4/2025,Card,Kolkata
1041,387,9/17/2024,Cash,Mumbai
1042,882,6/10/2024,Cash,Pune
1043,1425,11/11/2023,Card,Delhi
1044,830,1/25/2025,Cash,Pune
1045,1426,12/20/2024,Card,Delhi
1046,1370,7/5/2024,Card,Mumbai
1047,1713,1/21/2025,Card,Kolkata
1048,16,5/29/2024,UPI,Bangalore
1049,1033,2/27/2025,Card,Bangalore
1050,1630,7/1/2025,UPI,Delhi
1051,628,6/5/2025,UPI,Delhi
1052,1354,3/9/2025,Cash,Bangalore
1053,870,6/15/2024,Card,Delhi
1054,921,6/3/2024,Card,Delhi
1055,1173,8/6/2025,Cash,Kolkata
1056,262,10/6/2024,Card,Pune
1057,853,7/1/2024,UPI,Pune
1058,130,5/12/2024,UPI,Pune
1059,1896,12/25/2024,UPI,Delhi
1060,759,3/26/2025,Card,Delhi
1061,1742,7/23/2025,Cash,Bangalore
1062,1943,11/19/2023,Cash,Delhi
1063,509,5/12/2025,Card,Kolkata
1064,453,8/31/2024,Cash,Kolkata
1065,65,1/29/2025,Cash,Pune
1066,1553,6/13/2025,Card,Mumbai
1067,140,7/18/2024,Cash,Mumbai
1068,1660,9/4/2024,Card,Kolkata
1069,1950,10/4/2024,Card,Bangalore
1070,881,10/19/2025,Card,Bangalore
1071,86,7/5/2024,Card,Pune
1072,513,9/30/2024,Cash,Bangalore
1073,672,11/19/2023,UPI,Delhi
1074,1176,5/5/2024,Card,Mumbai
1075,918,4/9/2024,Card,Bangalore
1076,1801,4/19/2025,Card,Delhi
1077,1983,10/22/2024,Card,Pune
1078,1030,10/2/2024,Cash,Pune
1079,600,6/12/2024,Card,Delhi
1080,1565,10/29/2024,Cash,Pune
1081,1770,8/31/2025,UPI,Pune
1082,334,9/12/2024,UPI,Mumbai
1083,1719,1/17/2025,Cash,Kolkata
1084,1615,11/17/2023,Cash,Mumbai
1085,1355,9/17/2025,Cash,Bangalore
1086,1311,7/22/2024,UPI,Bangalore
1087,1603,10/7/2024,Card,Mumbai
1088,979,11/2/2023,UPI,Mumbai
1089,849,9/27/2025,UPI,Pune
1090,340,1/1/2025,Card,Pune
1091,767,5/8/2024,Card,Mumbai
1092,1589,5/27/2024,Card,Pune
1093,1557,3/26/2025,UPI,Pune
1094,1019,1/26/2025,UPI,Pune
1095,873,7/23/2025,Cash,Bangalore
1096,1302,8/15/2024,UPI,Mumbai
1097,1401,6/3/2025,Card,Bangalore
1098,572,8/29/2024,Card,Delhi
1099,328,8/17/2025,Card,Delhi
1100,1736,7/22/2024,Cash,Kolkata
1101,1610,6/29/2025,UPI,Pune
1102,1453,8/12/2024,UPI,Kolkata
1103,299,11/9/2023,UPI,Pune
1104,463,8/29/2025,Cash,Bangalore
1105,910,2/4/2024,Cash,Bangalore
1106,550,5/13/2024,Cash,Delhi
1107,454,8/6/2025,Cash,Kolkata
1108,1630,9/22/2024,Card,Pune
1109,156,11/7/2023,Card,Delhi
1110,1281,11/23/2024,Cash,Kolkata
1111,442,9/18/2024,Card,Delhi
1112,1354,6/21/2024,Cash,Bangalore
1113,1431,6/26/2024,Card,Delhi
1114,309,8/26/2025,Card,Kolkata
1115,1058,8/5/2025,UPI,Delhi
1116,1474,3/15/2025,UPI,Bangalore
1117,1200,1/2/2025,UPI,Delhi
1118,554,9/8/2025,UPI,Pune
1119,386,9/23/2025,Card,Bangalore
1120,926,8/8/2024,Cash,Mumbai
1121,233,1/20/2024,Cash,Kolkata
1122,1000,7/26/2024,Card,Pune
1123,627,5/20/2025,Card,Delhi
1124,168,3/5/2024,Card,Bangalore
1125,1460,6/7/2024,UPI,Delhi
1126,604,3/27/2024,Card,Delhi
1127,1819,7/26/2024,Card,Mumbai
1128,724,4/10/2025,Cash,Delhi
1129,410,1/1/2024,Card,Bangalore
1130,1339,1/12/2025,Card,Mumbai
1131,145,4/19/2025,Cash,Pune
1132,840,4/23/2025,UPI,Pune
1133,1978,1/10/2025,UPI,Mumbai
1134,1937,8/10/2024,UPI,Bangalore
1135,218,2/8/2024,UPI,Delhi
1136,1641,7/25/2025,Card,Mumbai
1137,388,3/21/2025,Card,Bangalore
1138,1110,8/25/2025,Cash,Kolkata
1139,1304,5/5/2024,Cash,Pune
1140,1573,8/5/2024,UPI,Delhi
1141,1210,10/11/2025,Cash,Bangalore
1142,1113,10/5/2025,Card,Mumbai
1143,312,6/26/2025,Cash,Bangalore
1144,615,5/3/2025,Card,Bangalore
1145,3,3/18/2025,Cash,Pune
1146,1993,3/14/2024,Card,Bangalore
1147,767,3/10/2024,Card,Delhi
1148,13,4/25/2025,Cash,Delhi
1149,445,11/16/2023,UPI,Bangalore
1150,1694,8/10/2024,UPI,Mumbai
1151,1946,4/28/2024,UPI,Mumbai
1152,158,5/13/2024,Cash,Bangalore
1153,1384,1/22/2025,Card,Bangalore
1154,490,8/14/2025,Card,Bangalore
1155,386,4/28/2024,Cash,Bangalore
1156,336,7/31/2025,Cash,Bangalore
1157,652,11/16/2024,UPI,Bangalore
1158,1627,9/17/2025,Card,Pune
1159,1907,3/9/2025,Cash,Delhi
1160,14,9/18/2025,UPI,Delhi
1161,1792,7/14/2025,Card,Pune
1162,1315,7/28/2025,UPI,Mumbai
1163,176,11/3/2023,UPI,Delhi
1164,54,5/16/2024,Card,Delhi
1165,964,7/16/2025,Card,Delhi
1166,679,10/4/2024,Card,Kolkata
1167,1653,10/10/2024,Card,Kolkata
1168,1604,11/10/2023,Cash,Delhi
1169,1238,4/1/2025,Cash,Bangalore
1170,1492,1/5/2025,Cash,Delhi
1171,1487,7/11/2024,Cash,Mumbai
1172,379,12/13/2024,Cash,Delhi
1173,728,4/11/2025,Card,Mumbai
1174,56,12/8/2023,Cash,Mumbai
1175,728,2/19/2024,Cash,Delhi
1176,128,7/18/2024,Card,Bangalore
1177,1404,12/28/2023,Card,Mumbai
1178,264,4/12/2025,UPI,Pune
1179,611,7/23/2024,Cash,Bangalore
1180,507,12/17/2024,Card,Kolkata
1181,77,8/29/2024,Card,Pune
1182,895,3/21/2024,UPI,Pune
1183,1126,7/20/2025,Cash,Kolkata
1184,774,2/15/2024,Card,Delhi
1185,1015,10/4/2025,Cash,Delhi
1186,1769,7/23/2024,Card,Mumbai
1187,1785,3/21/2024,Card,Pune
1188,735,3/7/2024,UPI,Mumbai
1189,1896,9/16/2024,Card,Kolkata
1190,394,6/26/2025,UPI,Pune
1191,83,7/20/2025,Card,Mumbai
1192,511,4/1/2025,Card,Pune
1193,7,11/22/2024,Cash,Mumbai
1194,75,11/7/2024,UPI,Pune
1195,1969,10/5/2025,Cash,Pune
1196,1500,9/10/2025,Card,Delhi
1197,1254,1/7/2025,UPI,Bangalore
1198,1354,4/19/2024,Cash,Mumbai
1199,970,6/6/2025,Cash,Pune
1200,295,4/22/2024,Cash,Delhi
1201,1745,7/25/2025,Card,Pune
1202,1767,10/9/2025,Cash,Pune
1203,583,5/11/2024,UPI,Delhi
1204,857,10/5/2024,UPI,Pune
1205,347,3/26/2024,UPI,Kolkata
1206,1918,12/16/2023,Card,Kolkata
1207,1612,2/27/2025,UPI,Kolkata
1208,369,8/25/2024,Cash,Delhi
1209,153,11/8/2023,Cash,Bangalore
1210,383,7/30/2025,Cash,Mumbai
1211,773,12/28/2024,UPI,Kolkata
1212,322,5/5/2024,UPI,Mumbai
1213,1423,2/28/2025,UPI,Pune
1214,700,5/25/2024,Cash,Delhi
1215,1069,8/22/2024,Card,Bangalore
1216,1461,7/11/2025,UPI,Kolkata
1217,1846,3/21/2024,Cash,Mumbai
1218,88,2/10/2025,Card,Mumbai
1219,662,6/8/2025,UPI,Bangalore
1220,1222,6/22/2025,UPI,Kolkata
1221,1288,10/6/2024,Cash,Kolkata
1222,1771,5/24/2024,UPI,Delhi
1223,572,3/1/2024,UPI,Mumbai
1224,885,10/13/2025,UPI,Pune
1225,158,5/11/2025,Card,Kolkata
1226,138,5/14/2024,UPI,Pune
1227,1765,10/25/2024,UPI,Pune
1228,352,8/6/2025,Card,Mumbai
1229,1920,1/4/2025,Card,Kolkata
1230,1010,11/29/2024,Card,Pune
1231,146,5/29/2025,UPI,Mumbai
1232,443,3/14/2024,Card,Mumbai
1233,22,8/20/2024,Card,Bangalore
1234,1231,4/29/2024,Cash,Mumbai
1235,1507,4/23/2024,Card,Kolkata
1236,688,3/27/2024,Cash,Bangalore
1237,968,1/10/2025,Cash,Kolkata
1238,1757,12/7/2023,UPI,Pune
1239,1614,7/15/2024,Cash,Kolkata
1240,1822,12/17/2023,UPI,Bangalore
1241,1069,11/14/2024,Card,Kolkata
1242,769,7/18/2025,Card,Pune
1243,1233,5/26/2025,Card,Mumbai
1244,359,4/14/2024,Card,Pune
1245,1872,12/19/2024,Cash,Kolkata
1246,952,6/18/2024,Card,Mumbai
1247,975,8/1/2025,Card,Delhi
1248,1909,11/12/2023,Cash,Pune
1249,245,1/5/2024,Cash,Pune
1250,668,12/22/2024,Cash,Bangalore
1251,517,11/30/2024,UPI,Bangalore
1252,1113,10/27/2024,Card,Bangalore
1253,960,8/5/2024,Cash,Delhi
1254,557,12/8/2024,Cash,Mumbai
1255,1479,3/12/2025,Card,Kolkata
1256,1595,2/15/2025,Card,Mumbai
1257,175,10/29/2023,Cash,Mumbai
1258,921,3/10/2024,Card,Pune
1259,49,9/2/2025,UPI,Pune
1260,1967,2/22/2024,Card,Delhi
1261,954,6/29/2024,Cash,Delhi
1262,1274,6/7/2024,Cash,Pune
1263,1204,10/27/2023,Cash,Mumbai
1264,1693,9/20/2025,UPI,Mumbai
1265,876,11/7/2023,Card,Mumbai
1266,1300,3/27/2025,Card,Kolkata
1267,461,12/31/2023,Card,Mumbai
1268,884,10/30/2024,Card,Bangalore
1269,1672,9/28/2024,UPI,Bangalore
1270,1520,7/25/2024,Cash,Bangalore
1271,1675,2/28/2025,UPI,Mumbai
1272,528,9/2/2024,UPI,Kolkata
1273,1165,11/28/2024,Cash,Mumbai
1274,481,6/2/2024,Card,Kolkata
1275,602,5/4/2025,Card,Bangalore
1276,579,10/6/2025,UPI,Delhi
1277,779,5/2/2024,Cash,Kolkata
1278,438,12/18/2023,UPI,Delhi
1279,1581,5/29/2025,Card,Kolkata
1280,1317,8/20/2025,UPI,Bangalore
1281,530,7/6/2024,Card,Mumbai
1282,190,7/25/2024,UPI,Delhi
1283,1887,2/17/2024,UPI,Bangalore
1284,775,11/22/2023,Cash,Mumbai
1285,854,2/8/2025,Cash,Bangalore
1286,544,6/12/2024,UPI,Bangalore
1287,1585,5/15/2025,Card,Mumbai
1288,355,6/1/2025,UPI,Delhi
1289,1437,5/26/2024,UPI,Pune
1290,930,5/15/2025,Card,Mumbai
1291,314,3/23/2024,UPI,Mumbai
1292,727,1/3/2024,UPI,Bangalore
1293,1628,3/30/2024,Cash,Bangalore
1294,1195,3/7/2025,UPI,Bangalore
1295,1559,11/6/2023,Card,Kolkata
1296,428,3/30/2024,Card,Kolkata
1297,329,6/4/2024,Card,Kolkata
1298,388,6/26/2025,UPI,Bangalore
1299,125,9/20/2025,Cash,Kolkata
1300,1944,10/2/2025,UPI,Bangalore
1301,73,12/22/2024,Cash,Kolkata
1302,726,11/16/2024,Card,Kolkata
1303,572,2/14/2024,Cash,Pune
1304,468,9/20/2024,UPI,Kolkata
1305,129,1/26/2024,UPI,Bangalore
1306,1327,8/6/2024,Card,Mumbai
1307,1901,11/30/2023,Card,Pune
1308,1889,3/15/2024,UPI,Pune
1309,739,9/3/2025,Cash,Bangalore
1310,1208,12/18/2023,Card,Pune
1311,239,5/11/2025,Card,Bangalore
1312,641,12/31/2023,UPI,Bangalore
1313,1271,9/6/2025,UPI,Kolkata
1314,1563,12/20/2024,Cash,Delhi
1315,169,12/12/2024,Cash,Mumbai
1316,646,5/12/2025,Card,Delhi
1317,345,7/18/2024,Card,Mumbai
1318,809,3/16/2024,UPI,Delhi
1319,1184,7/17/2024,Card,Delhi
1320,638,12/19/2024,UPI,Mumbai
1321,193,5/3/2025,Card,Delhi
1322,1024,2/23/2024,UPI,Kolkata
1323,1101,9/2/2025,Card,Kolkata
1324,149,3/15/2024,UPI,Kolkata
1325,481,11/13/2024,UPI,Kolkata
1326,1332,11/2/2023,Cash,Pune
1327,616,11/21/2023,UPI,Delhi
1328,450,1/24/2024,UPI,Delhi
1329,495,3/23/2024,Cash,Mumbai
1330,447,3/10/2025,UPI,Mumbai
1331,137,7/28/2024,Cash,Pune
1332,1995,1/13/2025,UPI,Kolkata
1333,807,8/10/2025,Card,Mumbai
1334,587,10/25/2024,Cash,Kolkata
1335,113,7/4/2025,Cash,Kolkata
1336,827,7/25/2025,Card,Mumbai
1337,20,3/29/2024,Card,Kolkata
1338,1057,5/24/2024,Cash,Pune
1339,768,6/23/2024,UPI,Delhi
1340,907,9/29/2025,Cash,Bangalore
1341,283,2/16/2025,UPI,Delhi
1342,1595,6/15/2024,Card,Mumbai
1343,274,7/24/2024,Cash,Mumbai
1344,1766,6/13/2024,Card,Kolkata
1345,1389,8/6/2024,Card,Pune
1346,628,10/26/2023,Card,Bangalore
1347,1398,2/27/2025,Card,Bangalore
1348,263,12/23/2023,Cash,Mumbai
1349,1150,11/18/2023,Cash,Kolkata
1350,723,2/24/2025,Cash,Bangalore
1351,544,8/13/2024,Card,Kolkata
1352,1094,9/7/2024,Card,Kolkata
1353,1089,1/19/2024,Cash,Mumbai
1354,1264,1/14/2024,Cash,Bangalore
1355,1140,4/14/2024,UPI,Bangalore
1356,455,9/28/2024,UPI,Pune
1357,1920,11/1/2023,UPI,Bangalore
1358,1806,10/16/2025,Card,Pune
1359,1569,8/1/2024,Cash,Mumbai
1360,1503,5/12/2024,Cash,Kolkata
1361,746,3/19/2025,UPI,Kolkata
1362,585,1/31/2024,Card,Mumbai
1363,1078,11/27/2024,UPI,Kolkata
1364,1891,8/16/2025,Card,Bangalore
1365,620,6/13/2025,Cash,Bangalore
1366,854,12/5/2023,UPI,Delhi
1367,1616,1/27/2024,UPI,Pune
1368,475,4/26/2025,Cash,Kolkata
1369,1527,7/10/2024,Cash,Pune
1370,978,10/10/2024,UPI,Bangalore
1371,842,11/10/2024,Card,Delhi
1372,244,1/1/2024,UPI,Kolkata
1373,391,6/6/2024,Card,Kolkata
1374,20,12/21/2023,Card,Bangalore
1375,1561,9/16/2025,Cash,Bangalore
1376,1878,11/23/2023,UPI,Pune
1377,1631,11/2/2023,Cash,Mumbai
1378,872,2/17/2025,Card,Kolkata
1379,943,2/4/2025,Card,Mumbai
1380,12,8/5/2025,UPI,Pune
1381,955,11/22/2023,Cash,Bangalore
1382,1674,4/25/2025,UPI,Pune
1383,1557,4/19/2024,Card,Pune
1384,934,3/11/2024,Cash,Mumbai
1385,148,3/5/2025,Card,Delhi
1386,1483,12/13/2023,Cash,Mumbai
1387,1807,1/24/2024,UPI,Kolkata
1388,1237,8/15/2024,Cash,Delhi
1389,1979,10/11/2024,Cash,Delhi
1390,1642,2/25/2025,Card,Bangalore
1391,1380,9/30/2025,UPI,Mumbai
1392,1443,3/7/2025,Card,Delhi
1393,1746,8/2/2025,Cash,Pune
1394,1617,9/25/2024,UPI,Bangalore
1395,103,7/25/2024,Cash,Kolkata
1396,1906,12/8/2023,Cash,Delhi
1397,837,6/29/2025,Card,Delhi
1398,739,8/16/2025,Card,Delhi
1399,233,11/11/2023,Cash,Kolkata
1400,1452,5/14/2025,Card,Delhi
1401,219,9/29/2024,UPI,Pune
1402,429,6/27/2025,UPI,Delhi
1403,1856,9/14/2024,UPI,Bangalore
1404,1779,2/5/2025,Cash,Mumbai
1405,779,9/9/2025,UPI,Mumbai
1406,1825,8/13/2025,Card,Mumbai
1407,1480,12/14/2024,Cash,Pune
1408,1536,5/24/2024,Card,Pune
1409,1458,1/5/2025,Card,Kolkata
1410,1196,12/5/2024,Cash,Pune
1411,387,6/15/2025,Card,Bangalore
1412,1525,6/10/2024,Card,Bangalore
1413,327,10/26/2024,Cash,Pune
1414,1578,8/21/2025,Cash,Bangalore
1415,694,7/2/2024,Cash,Bangalore
1416,70,3/30/2025,UPI,Mumbai
1417,1885,8/9/2025,Card,Kolkata
1418,647,7/5/2025,Cash,Delhi
1419,1266,6/5/2025,Cash,Kolkata
1420,1576,7/11/2025,Card,Pune
1421,1256,9/20/2025,Card,Mumbai
1422,806,4/16/2024,UPI,Pune
1423,1377,3/17/2025,UPI,Mumbai
1424,1290,3/7/2025,Cash,Kolkata
1425,949,2/1/2024,UPI,Mumbai
1426,218,11/19/2023,Card,Bangalore
1427,1588,9/14/2024,Cash,Kolkata
1428,194,11/24/2023,UPI,Bangalore
1429,1840,12/13/2023,UPI,Delhi
1430,1018,9/26/2025,Cash,Kolkata
1431,328,4/24/2024,Cash,Mumbai
1432,1835,9/10/2025,Card,Bangalore
1433,1418,9/19/2024,Cash,Pune
1434,1323,12/22/2023,Cash,Pune
1435,527,7/20/2024,UPI,Bangalore
1436,1569,3/16/2024,Card,Delhi
1437,1543,11/20/2024,Cash,Delhi
1438,1432,11/4/2023,UPI,Delhi
1439,1302,12/5/2024,Card,Kolkata
1440,694,1/29/2024,Cash,Kolkata
1441,446,5/30/2025,Cash,Kolkata
1442,111,10/4/2025,Cash,Bangalore
1443,98,12/30/2024,Card,Mumbai
1444,1193,6/5/2024,Cash,Mumbai
1445,546,2/1/2024,Cash,Kolkata
1446,259,10/20/2025,UPI,Bangalore
1447,919,1/19/2024,Card,Mumbai
1448,1925,8/8/2024,UPI,Kolkata
1449,130,12/31/2023,Card,Delhi
1450,1323,10/11/2025,UPI,Kolkata
1451,1877,8/2/2024,Cash,Pune
1452,1853,7/11/2025,Cash,Mumbai
1453,975,11/1/2024,Card,Pune
1454,1155,2/25/2025,Card,Bangalore
1455,1835,12/3/2024,UPI,Bangalore
1456,950,6/21/2025,Card,Pune
1457,222,6/12/2024,Card,Mumbai
1458,509,4/20/2024,Card,Mumbai
1459,454,7/6/2024,UPI,Mumbai
1460,1238,6/16/2024,Cash,Bangalore
1461,482,2/18/2024,UPI,Bangalore
1462,1225,3/24/2025,Card,Mumbai
1463,76,8/1/2025,UPI,Mumbai
1464,1898,3/14/2024,UPI,Pune
1465,313,3/16/2025,Card,Mumbai
1466,119,6/11/2024,Cash,Kolkata
1467,1783,8/22/2025,Card,Pune
1468,1279,11/17/2024,Card,Kolkata
1469,1504,7/25/2025,UPI,Kolkata
1470,1721,5/10/2024,UPI,Delhi
1471,326,11/9/2024,UPI,Kolkata
1472,561,11/21/2024,Card,Pune
1473,88,2/29/2024,Card,Pune
1474,1256,10/24/2024,Cash,Bangalore
1475,1357,9/11/2025,UPI,Kolkata
1476,938,11/12/2024,UPI,Bangalore
1477,621,6/29/2024,Card,Mumbai
1478,1274,12/10/2024,Cash,Mumbai
1479,1856,12/9/2023,UPI,Delhi
1480,1525,10/28/2023,UPI,Kolkata
1481,419,8/4/2025,Card,Delhi
1482,469,7/4/2024,Card,Mumbai
1483,473,7/5/2025,Cash,Bangalore
1484,1751,5/4/2025,Card,Delhi
1485,497,3/23/2024,Card,Kolkata
1486,473,10/8/2024,Cash,Delhi
1487,369,12/19/2024,Cash,Pune
1488,1629,3/7/2025,Cash,Pune
1489,1857,5/16/2025,Cash,Mumbai
1490,1621,5/2/2025,Card,Kolkata
1491,793,6/20/2024,Card,Bangalore
1492,83,11/1/2023,Card,Pune
1493,1552,12/27/2024,UPI,Bangalore
1494,1722,7/21/2025,Card,Delhi
1495,1910,6/24/2025,UPI,Mumbai
1496,1440,7/15/2024,Cash,Mumbai
1497,398,1/30/2025,UPI,Pune
1498,1645,1/10/2025,UPI,Kolkata
1499,533,8/14/2025,Cash,Mumbai
1500,528,9/7/2025,Cash,Kolkata
1501,1722,4/16/2025,Cash,Kolkata
1502,1188,9/14/2025,UPI,Pune
1503,274,11/29/2023,Card,Mumbai
1504,706,9/12/2025,Card,Delhi
1505,1807,5/13/2024,Card,Pune
1506,568,11/14/2024,Cash,Bangalore
1507,1719,10/28/2024,Card,Pune
1508,752,1/8/2025,UPI,Kolkata
1509,145,11/24/2024,Cash,Mumbai
1510,1196,1/13/2025,Card,Mumbai
1511,1730,8/26/2024,UPI,Pune
1512,247,2/17/2024,Card,Mumbai
1513,1398,11/3/2024,Card,Delhi
1514,1602,2/20/2024,Card,Delhi
1515,1193,7/6/2025,Cash,Mumbai
1516,1852,9/20/2024,UPI,Delhi
1517,868,11/10/2023,UPI,Delhi
1518,256,5/20/2025,UPI,Bangalore
1519,1356,12/9/2023,Card,Mumbai
1520,1866,3/12/2025,Card,Pune
1521,1767,2/2/2025,Card,Pune
1522,1426,10/16/2024,Cash,Bangalore
1523,1228,5/18/2025,Card,Delhi
1524,1789,4/17/2024,Cash,Delhi
1525,242,11/24/2024,UPI,Kolkata
1526,1272,9/5/2024,Cash,Pune
1527,1535,5/17/2025,Card,Bangalore
1528,1494,1/18/2024,Cash,Bangalore
1529,514,3/21/2025,Cash,Pune
1530,1885,11/17/2024,Card,Kolkata
1531,923,5/29/2025,Card,Kolkata
1532,1898,2/11/2024,UPI,Delhi
1533,1190,1/18/2024,Card,Kolkata
1534,599,2/22/2024,UPI,Kolkata
1535,1283,9/26/2024,Card,Bangalore
1536,1828,1/24/2024,Cash,Pune
1537,1468,3/12/2025,UPI,Mumbai
1538,512,10/15/2024,Cash,Pune
1539,996,1/30/2024,UPI,Kolkata
1540,1959,8/15/2024,Card,Kolkata
1541,1501,7/12/2025,Cash,Kolkata
1542,12,7/8/2025,UPI,Pune
1543,360,6/12/2025,UPI,Delhi
1544,1686,6/18/2024,Card,Bangalore
1545,1015,7/5/2025,Cash,Kolkata
1546,1599,2/19/2025,UPI,Delhi
1547,692,8/24/2024,Card,Kolkata
1548,808,7/7/2024,Card,Kolkata
1549,1810,11/13/2023,Cash,Bangalore
1550,1691,11/26/2023,Card,Kolkata
1551,970,6/3/2024,UPI,Bangalore
1552,289,9/2/2024,UPI,Delhi
1553,1281,4/11/2024,Card,Mumbai
1554,804,10/14/2024,UPI,Mumbai
1555,454,1/18/2024,Cash,Bangalore
1556,954,2/5/2025,Cash,Pune
1557,1643,12/17/2024,UPI,Delhi
1558,292,8/31/2025,UPI,Bangalore
1559,1548,10/7/2025,Card,Bangalore
1560,1840,8/26/2024,Cash,Pune
1561,524,3/23/2024,Card,Delhi
1562,808,10/25/2024,Cash,Mumbai
1563,822,9/26/2024,UPI,Mumbai
1564,1058,9/6/2025,Cash,Kolkata
1565,1865,5/30/2024,Card,Kolkata
1566,493,12/26/2024,Card,Bangalore
1567,1735,12/6/2024,UPI,Bangalore
1568,1844,7/1/2025,UPI,Mumbai
1569,476,1/25/2025,Card,Pune
1570,933,7/4/2025,UPI,Delhi
1571,749,7/3/2024,Card,Delhi
1572,181,9/14/2025,Card,Bangalore
1573,1113,4/20/2024,Cash,Delhi
1574,1890,4/1/2024,UPI,Delhi
1575,1647,9/15/2024,Card,Bangalore
1576,1313,11/22/2023,Card,Kolkata
1577,1009,2/17/2024,Card,Bangalore
1578,171,11/8/2023,UPI,Delhi
1579,848,5/31/2024,Cash,Mumbai
1580,1729,1/30/2024,Card,Pune
1581,1015,8/7/2025,Card,Kolkata
1582,538,4/24/2025,Card,Pune
1583,124,12/18/2024,UPI,Delhi
1584,1197,8/29/2025,UPI,Mumbai
1585,435,12/26/2024,Card,Mumbai
1586,791,12/19/2024,Cash,Bangalore
1587,1714,10/24/2024,Card,Pune
1588,649,1/16/2025,Cash,Mumbai
1589,1091,12/2/2024,UPI,Mumbai
1590,599,11/22/2023,Cash,Delhi
1591,457,5/13/2025,UPI,Mumbai
1592,301,9/18/2025,UPI,Mumbai
1593,919,7/27/2024,Card,Pune
1594,1292,10/12/2024,Card,Pune
1595,1826,3/19/2025,UPI,Pune
1596,1138,10/17/2025,Cash,Mumbai
1597,1960,11/29/2024,UPI,Bangalore
1598,171,7/20/2024,Cash,Mumbai
1599,1094,6/9/2025,Cash,Kolkata
1600,139,3/9/2025,Card,Bangalore
1601,768,8/19/2025,Cash,Kolkata
1602,167,10/25/2023,Card,Kolkata
1603,1010,2/18/2024,Card,Pune
1604,251,11/21/2024,Card,Kolkata
1605,926,4/19/2024,Cash,Pune
1606,1963,4/12/2024,Card,Bangalore
1607,636,11/2/2023,Card,Delhi
1608,187,9/22/2025,UPI,Kolkata
1609,1640,6/30/2025,UPI,Pune
1610,868,7/22/2024,Cash,Kolkata
1611,1159,8/17/2024,Cash,Kolkata
1612,303,4/5/2024,UPI,Delhi
1613,641,3/1/2024,Cash,Pune
1614,480,9/12/2025,Cash,Bangalore
1615,939,5/31/2025,Card,Bangalore
1616,1436,8/26/2025,UPI,Kolkata
1617,1153,9/9/2024,Cash,Bangalore
1618,129,5/1/2025,Card,Bangalore
1619,1510,10/24/2024,Cash,Mumbai
1620,1163,8/31/2024,Card,Bangalore
1621,789,12/2/2023,UPI,Bangalore
1622,54,7/7/2024,UPI,Delhi
1623,735,3/6/2025,Cash,Bangalore
1624,1200,9/29/2024,UPI,Bangalore
1625,664,7/21/2025,Card,Bangalore
1626,1059,2/17/2025,Card,Kolkata
1627,1340,3/6/2025,UPI,Pune
1628,38,3/8/2025,Card,Delhi
1629,1814,3/1/2024,Card,Mumbai
1630,814,5/9/2025,Cash,Kolkata
1631,1630,12/25/2024,Card,Bangalore
1632,3,1/1/2025,UPI,Pune
1633,1805,2/12/2024,Cash,Mumbai
1634,1508,2/5/2024,Cash,Pune
1635,651,4/11/2025,Cash,Delhi
1636,716,5/5/2024,Cash,Mumbai
1637,1575,5/20/2025,Card,Delhi
1638,1702,11/29/2024,Card,Mumbai
1639,868,5/12/2024,Cash,Mumbai
1640,1868,7/3/2024,Cash,Kolkata
1641,469,11/24/2024,Card,Pune
1642,568,4/30/2025,Cash,Delhi
1643,870,8/23/2025,Card,Mumbai
1644,1738,6/3/2024,Cash,Mumbai
1645,653,3/4/2025,Cash,Mumbai
1646,1149,8/18/2024,Card,Pune
1647,1137,1/5/2025,Cash,Kolkata
1648,1901,10/20/2025,UPI,Kolkata
1649,612,2/2/2024,Cash,Mumbai
1650,277,7/29/2024,UPI,Mumbai
1651,1177,2/9/2025,Cash,Mumbai
1652,234,6/29/2025,UPI,Pune
1653,1190,2/17/2024,Cash,Kolkata
1654,1687,3/9/2025,UPI,Mumbai
1655,1695,9/13/2025,Card,Pune
1656,164,11/1/2023,Cash,Kolkata
1657,1292,2/25/2025,Cash,Pune
1658,1474,1/25/2024,Card,Bangalore
1659,718,6/12/2024,Card,Mumbai
1660,1771,1/24/2025,UPI,Bangalore
1661,907,12/23/2024,Card,Mumbai
1662,1923,3/27/2025,Card,Bangalore
1663,877,9/3/2025,UPI,Kolkata
1664,903,9/21/2024,UPI,Bangalore
1665,1627,10/17/2024,UPI,Pune
1666,1682,5/8/2025,UPI,Pune
1667,130,5/12/2025,UPI,Pune
1668,1115,12/19/2024,Cash,Bangalore
1669,237,1/23/2025,Card,Delhi
1670,207,7/9/2024,Cash,Kolkata
1671,82,8/30/2024,Cash,Delhi
1672,1141,1/9/2024,Cash,Delhi
1673,1089,10/3/2025,UPI,Pune
1674,262,2/28/2025,Card,Delhi
1675,920,3/22/2025,UPI,Mumbai
1676,791,8/17/2024,Cash,Mumbai
1677,1909,3/5/2025,Card,Delhi
1678,1988,11/18/2024,Card,Delhi
1679,1254,6/16/2024,UPI,Mumbai
1680,399,2/26/2025,UPI,Mumbai
1681,1445,3/3/2025,UPI,Bangalore
1682,474,10/4/2025,Card,Mumbai
1683,1975,3/1/2024,Card,Pune
1684,355,9/23/2025,Card,Kolkata
1685,1875,2/25/2024,Cash,Delhi
1686,1893,11/1/2024,Card,Pune
1687,455,8/27/2024,Cash,Kolkata
1688,118,11/22/2024,UPI,Pune
1689,1769,8/7/2025,UPI,Pune
1690,147,4/15/2024,UPI,Delhi
1691,1461,9/2/2024,Cash,Pune
1692,568,7/22/2025,UPI,Delhi
1693,1132,8/5/2024,Cash,Bangalore
1694,1186,2/28/2024,Card,Bangalore
1695,720,11/3/2023,Card,Delhi
1696,1642,3/8/2025,Card,Pune
1697,352,10/22/2025,Card,Bangalore
1698,273,3/28/2025,Cash,Delhi
1699,1950,6/28/2025,Card,Bangalore
1700,328,1/1/2024,Card,Bangalore
1701,161,11/13/2023,Cash,Pune
1702,766,8/8/2025,Cash,Delhi
1703,136,8/28/2024,Card,Bangalore
1704,833,10/14/2024,Cash,Kolkata
1705,795,11/26/2024,Card,Kolkata
1706,760,4/15/2024,Card,Pune
1707,1064,3/25/2025,Cash,Mumbai
1708,1139,11/30/2024,Card,Kolkata
1709,1691,9/1/2024,Cash,Mumbai
1710,182,3/14/2025,Card,Pune
1711,1382,3/15/2025,UPI,Delhi
1712,1818,3/30/2025,Card,Pune
1713,929,9/13/2025,UPI,Kolkata
1714,741,7/4/2024,Card,Delhi
1715,401,12/9/2024,Cash,Kolkata
1716,1912,11/25/2023,Cash,Pune
1717,1118,5/15/2024,Cash,Pune
1718,1761,8/26/2025,Cash,Kolkata
1719,1302,6/13/2024,Card,Pune
1720,32,8/28/2025,Card,Kolkata
1721,588,8/9/2024,Cash,Pune
1722,1040,4/8/2025,UPI,Delhi
1723,182,3/29/2024,Cash,Kolkata
1724,988,6/28/2025,UPI,Bangalore
1725,1493,10/3/2024,Card,Delhi
1726,1184,11/25/2024,Cash,Kolkata
1727,1751,11/25/2023,Card,Kolkata
1728,1069,3/16/2025,Card,Pune
1729,508,8/2/2025,Card,Bangalore
1730,1637,7/15/2024,UPI,Pune
1731,1164,6/25/2024,UPI,Bangalore
1732,920,4/13/2024,Card,Pune
1733,446,11/23/2024,Cash,Mumbai
1734,173,9/9/2024,UPI,Bangalore
1735,626,10/31/2024,Cash,Delhi
1736,294,12/18/2024,UPI,Delhi
1737,1124,1/27/2025,UPI,Mumbai
1738,513,10/22/2025,Cash,Pune
1739,1971,3/21/2025,Card,Kolkata
1740,1931,3/28/2025,Cash,Bangalore
1741,1043,3/15/2024,Cash,Pune
1742,38,9/25/2024,Cash,Mumbai
1743,1596,9/17/2024,UPI,Bangalore
1744,1095,11/21/2023,Cash,Mumbai
1745,1497,8/11/2024,UPI,Delhi
1746,830,11/6/2024,UPI,Kolkata
1747,1061,12/15/2023,UPI,Mumbai
1748,1401,4/1/2025,UPI,Pune
1749,929,2/11/2024,Cash,Delhi
1750,1821,1/23/2024,Card,Kolkata
1751,1449,6/10/2024,Cash,Kolkata
1752,1514,8/9/2025,Cash,Kolkata
1753,1152,3/15/2025,UPI,Pune
1754,1371,6/14/2025,Cash,Delhi
1755,1054,2/21/2025,Cash,Mumbai
1756,1136,8/9/2024,Cash,Kolkata
1757,314,8/6/2025,UPI,Delhi
1758,110,1/28/2024,Cash,Delhi
1759,1995,8/20/2024,UPI,Delhi
1760,246,12/24/2024,Card,Bangalore
1761,615,9/16/2024,Card,Bangalore
1762,1333,1/2/2024,Card,Kolkata
1763,284,11/3/2024,UPI,Bangalore
1764,1988,3/18/2024,Card,Bangalore
1765,860,4/26/2024,UPI,Bangalore
1766,65,12/22/2023,Card,Delhi
1767,3,11/1/2023,UPI,Pune
1768,71,10/4/2025,UPI,Pune
1769,1642,9/6/2025,Card,Pune
1770,809,8/13/2024,UPI,Kolkata
1771,957,7/28/2025,Cash,Delhi
1772,320,9/5/2025,UPI,Bangalore
1773,825,9/30/2025,Cash,Kolkata
1774,323,9/24/2024,Cash,Kolkata
1775,266,8/5/2024,Card,Delhi
1776,1902,6/1/2025,UPI,Delhi
1777,940,11/15/2023,Cash,Kolkata
1778,1783,4/2/2024,Cash,Pune
1779,1537,3/8/2025,Cash,Pune
1780,998,5/10/2024,Cash,Pune
1781,567,3/15/2025,Card,Pune
1782,312,9/7/2025,Cash,Mumbai
1783,108,2/21/2025,UPI,Bangalore
1784,474,5/30/2024,Cash,Delhi
1785,1053,9/23/2024,Card,Pune
1786,1345,2/13/2024,Card,Mumbai
1787,1440,3/4/2025,Cash,Mumbai
1788,4,3/4/2025,UPI,Delhi
1789,1109,1/20/2024,UPI,Delhi
1790,552,9/26/2024,Cash,Kolkata
1791,1785,3/2/2025,UPI,Mumbai
1792,1626,11/2/2023,Cash,Mumbai
1793,271,4/8/2024,UPI,Mumbai
1794,1654,1/12/2024,Cash,Mumbai
1795,458,2/6/2025,Cash,Mumbai
1796,1920,1/12/2024,Cash,Delhi
1797,177,1/30/2025,Card,Kolkata
1798,895,12/4/2024,UPI,Kolkata
1799,1577,6/17/2025,UPI,Kolkata
1800,711,2/21/2024,UPI,Mumbai
1801,1023,2/5/2024,UPI,Delhi
1802,56,2/10/2025,Card,Delhi
1803,1339,3/13/2024,UPI,Mumbai
1804,545,9/14/2024,UPI,Delhi
1805,1700,4/18/2024,UPI,Bangalore
1806,1355,5/24/2024,Card,Pune
1807,1457,12/17/2023,Cash,Pune
1808,102,3/4/2024,Card,Kolkata
1809,897,12/25/2023,UPI,Pune
1810,523,10/30/2023,Cash,Delhi
1811,231,3/18/2024,UPI,Pune
1812,1820,4/19/2024,Cash,Kolkata
1813,1967,12/16/2023,UPI,Kolkata
1814,187,9/20/2024,UPI,Kolkata
1815,885,5/23/2024,Cash,Pune
1816,25,8/22/2025,Cash,Delhi
1817,870,9/10/2024,Card,Delhi
1818,1649,10/19/2024,Card,Bangalore
1819,233,2/18/2025,Card,Mumbai
1820,265,3/26/2025,Card,Pune
1821,1833,9/27/2024,Cash,Mumbai
1822,1293,4/6/2025,Cash,Bangalore
1823,485,6/4/2025,Cash,Bangalore
1824,1547,7/12/2024,Cash,Mumbai
1825,262,6/8/2025,Card,Mumbai
1826,770,11/11/2023,Cash,Mumbai
1827,140,9/10/2024,Cash,Delhi
1828,1394,7/3/2024,UPI,Bangalore
1829,75,7/18/2025,UPI,Delhi
1830,313,7/10/2024,Card,Bangalore
1831,1219,4/7/2024,UPI,Pune
1832,76,12/25/2024,Cash,Mumbai
1833,357,7/31/2025,Card,Delhi
1834,1447,10/8/2025,Card,Bangalore
1835,1592,5/22/2024,Cash,Bangalore
1836,178,3/3/2025,UPI,Mumbai
1837,803,12/30/2024,UPI,Bangalore
1838,992,4/27/2024,UPI,Bangalore
1839,439,8/16/2024,Cash,Bangalore
1840,352,11/9/2023,UPI,Kolkata
1841,1154,11/16/2024,Card,Mumbai
1842,846,5/31/2025,Card,Delhi
1843,1750,9/1/2025,Cash,Delhi
1844,177,7/29/2024,Cash,Pune
1845,1047,1/18/2025,Card,Kolkata
1846,541,12/18/2023,UPI,Mumbai
1847,1013,6/19/2024,Card,Kolkata
1848,913,9/14/2024,Cash,Kolkata
1849,1305,1/13/2025,UPI,Bangalore
1850,1818,4/3/2024,Card,Mumbai
1851,112,7/22/2024,UPI,Bangalore
1852,1538,10/2/2025,UPI,Delhi
1853,1400,8/10/2024,Card,Mumbai
1854,1633,5/8/2025,Cash,Kolkata
1855,994,12/1/2024,Card,Bangalore
1856,1049,4/17/2024,Cash,Bangalore
1857,1423,7/1/2025,Cash,Bangalore
1858,370,5/22/2025,UPI,Delhi
1859,775,5/26/2024,Card,Bangalore
1860,1133,3/5/2024,Cash,Kolkata
1861,1207,11/14/2023,UPI,Bangalore
1862,864,10/26/2023,UPI,Delhi
1863,852,10/3/2024,UPI,Pune
1864,794,11/24/2024,UPI,Kolkata
1865,1360,3/17/2025,UPI,Mumbai
1866,891,8/30/2025,UPI,Pune
1867,1740,10/11/2025,Card,Mumbai
1868,1802,3/15/2024,Card,Delhi
1869,1818,3/8/2025,UPI,Pune
1870,1422,4/11/2024,Card,Kolkata
1871,1648,1/29/2024,UPI,Delhi
1872,378,2/9/2025,Cash,Mumbai
1873,547,12/15/2024,Cash,Kolkata
1874,1975,5/21/2024,Card,Kolkata
1875,181,1/22/2025,UPI,Kolkata
1876,1097,6/23/2025,Cash,Bangalore
1877,1456,4/14/2025,Card,Mumbai
1878,1475,12/8/2023,Cash,Kolkata
1879,1201,7/16/2025,UPI,Pune
1880,1131,10/26/2024,UPI,Kolkata
1881,735,5/14/2025,UPI,Delhi
1882,1223,3/15/2025,UPI,Bangalore
1883,732,10/3/2025,UPI,Mumbai
1884,214,6/6/2025,UPI,Delhi
1885,833,11/8/2024,Card,Bangalore
1886,127,7/30/2025,Cash,Pune
1887,205,12/27/2023,Cash,Pune
1888,522,2/18/2025,Card,Pune
1889,530,6/18/2024,Card,Mumbai
1890,533,1/16/2024,Card,Bangalore
1891,1740,8/16/2025,Card,Delhi
1892,52,11/18/2024,Cash,Bangalore
1893,951,2/20/2025,UPI,Mumbai
1894,1516,5/4/2024,Card,Pune
1895,992,9/13/2024,UPI,Pune
1896,920,9/15/2024,Cash,Pune
1897,1191,2/6/2024,UPI,Delhi
1898,1821,11/4/2023,UPI,Bangalore
1899,630,4/2/2025,UPI,Pune
1900,560,10/15/2024,Cash,Pune
1901,970,5/27/2025,Card,Kolkata
1902,976,1/9/2024,UPI,Bangalore
1903,1189,6/5/2024,UPI,Mumbai
1904,110,12/31/2024,Card,Pune
1905,303,11/2/2023,Cash,Kolkata
1906,768,3/20/2025,Cash,Mumbai
1907,187,11/11/2023,Cash,Kolkata
1908,550,8/31/2025,Card,Pune
1909,1656,5/21/2025,UPI,Delhi
1910,1391,6/24/2024,UPI,Delhi
1911,887,5/25/2025,Cash,Kolkata
1912,646,9/12/2025,Card,Pune
1913,234,4/19/2024,Cash,Delhi
1914,1350,3/17/2025,UPI,Pune
1915,1937,8/20/2025,Card,Kolkata
1916,199,9/20/2024,Cash,Bangalore
1917,1273,1/9/2024,UPI,Pune
1918,46,1/25/2025,UPI,Mumbai
1919,1078,10/4/2024,UPI,Kolkata
1920,1018,2/6/2024,Card,Delhi
1921,810,2/9/2025,Card,Mumbai
1922,312,2/19/2025,Cash,Pune
1923,1276,12/10/2023,Cash,Delhi
1924,1158,6/15/2024,Cash,Kolkata
1925,501,2/18/2024,Card,Mumbai
1926,759,12/13/2024,Cash,Kolkata
1927,1370,2/20/2025,Card,Delhi
1928,1690,7/6/2024,Cash,Bangalore
1929,1262,12/6/2024,Card,Bangalore
1930,1591,6/9/2024,UPI,Bangalore
1931,41,2/7/2025,Card,Pune
1932,1413,9/8/2025,Card,Delhi
1933,403,9/18/2025,UPI,Mumbai
1934,1814,5/16/2025,Cash,Delhi
1935,266,12/23/2023,Card,Delhi
1936,1067,8/26/2025,Card,Bangalore
1937,117,8/9/2025,Card,Mumbai
1938,1809,9/3/2024,UPI,Pune
1939,1128,3/19/2024,UPI,Pune
1940,994,7/3/2024,Card,Pune
1941,819,7/15/2025,UPI,Pune
1942,867,3/19/2025,Cash,Delhi
1943,757,12/8/2024,UPI,Delhi
1944,1844,3/28/2025,Cash,Pune
1945,372,7/22/2025,Card,Pune
1946,897,2/16/2024,UPI,Mumbai
1947,1626,1/29/2024,Cash,Kolkata
1948,1075,9/14/2025,UPI,Delhi
1949,1107,1/20/2025,Cash,Pune
1950,1592,5/17/2024,Cash,Mumbai
1951,836,7/14/2024,UPI,Delhi
1952,1913,6/5/2025,Cash,Delhi
1953,42,4/3/2024,Card,Pune
1954,1683,4/2/2025,UPI,Kolkata
1955,1959,6/9/2024,Card,Delhi
1956,1855,1/3/2025,Card,Delhi
1957,1861,8/30/2025,UPI,Pune
1958,1802,8/3/2025,UPI,Mumbai
1959,677,3/21/2025,Card,Bangalore
1960,456,7/16/2024,Card,Pune
1961,597,11/30/2023,Cash,Mumbai
1962,1058,1/11/2025,Card,Pune
1963,219,7/7/2024,Cash,Kolkata
1964,222,7/19/2025,Card,Pune
1965,415,4/25/2024,Card,Mumbai
1966,1350,11/12/2024,Cash,Pune
1967,441,2/4/2024,Card,Delhi
1968,575,3/13/2025,Card,Delhi
1969,940,3/18/2025,Card,Pune
1970,459,5/16/2024,Card,Pune
1971,1110,8/5/2024,Card,Bangalore
1972,1466,2/22/2025,UPI,Mumbai
1973,699,10/11/2024,Card,Pune
1974,836,6/13/2025,Card,Kolkata
1975,11,6/12/2024,Card,Kolkata
1976,448,5/22/2025,Card,Delhi
1977,1621,1/27/2025,UPI,Delhi
1978,88,7/19/2025,Cash,Mumbai
1979,1427,10/10/2024,UPI,Kolkata
1980,304,1/11/2024,Card,Pune
1981,1262,5/21/2024,UPI,Delhi
1982,1838,12/27/2023,UPI,Kolkata
1983,1591,4/8/2025,Cash,Kolkata
1984,900,11/13/2023,Card,Kolkata
1985,1389,9/25/2025,UPI,Mumbai
1986,166,1/30/2024,UPI,Delhi
1987,671,9/17/2025,Cash,Delhi
1988,165,11/10/2024,Cash,Bangalore
1989,1574,5/28/2024,Card,Delhi
1990,75,9/5/2025,Card,Kolkata
1991,854,9/22/2025,UPI,Delhi
1992,67,1/13/2025,Cash,Bangalore
1993,1774,10/6/2025,UPI,Mumbai
1994,1304,5/11/2025,Card,Bangalore
1995,1198,1/4/2025,Card,Mumbai
1996,513,11/12/2024,UPI,Kolkata
1997,556,4/1/2024,Cash,Mumbai
1998,1992,12/2/2024,Cash,Pune
1999,1693,6/26/2025,Card,Pune
2000,1931,1/17/2025,Cash,Delhi
2001,1089,5/8/2024,Cash,Bangalore
2002,128,9/22/2025,Cash,Bangalore
2003,390,7/23/2025,Card,Mumbai
2004,267,7/21/2024,Card,Bangalore
2005,1369,6/18/2024,UPI,Mumbai
2006,1584,1/6/2025,UPI,Delhi
2007,1970,9/3/2024,Card,Pune
2008,1454,12/14/2024,UPI,Bangalore
2009,785,8/9/2024,Card,Pune
2010,1268,3/13/2024,Cash,Mumbai
2011,948,3/27/2025,Cash,Delhi
2012,290,12/8/2024,Cash,Delhi
2013,772,7/10/2025,Card,Pune
2014,153,10/22/2024,Card,Mumbai
2015,786,3/12/2024,UPI,Delhi
2016,1556,3/22/2024,Card,Kolkata
2017,1390,7/25/2025,Cash,Delhi
2018,935,3/30/2025,Cash,Bangalore
2019,708,2/13/2025,Cash,Bangalore
2020,1868,10/10/2024,Cash,Mumbai
2021,98,10/23/2024,Card,Bangalore
2022,291,8/29/2024,UPI,Pune
2023,1301,6/18/2025,Card,Mumbai
2024,1711,11/2/2024,Cash,Bangalore
2025,1725,5/6/2024,Cash,Bangalore
2026,402,6/4/2024,UPI,Bangalore
2027,1207,6/24/2025,UPI,Mumbai
2028,436,9/23/2024,Cash,Pune
2029,598,3/3/2024,Cash,Mumbai
2030,1353,9/28/2025,Cash,Kolkata
2031,82,12/25/2023,Card,Mumbai
2032,767,9/3/2025,Card,Kolkata
2033,1278,6/9/2024,Cash,Pune
2034,1921,8/6/2024,UPI,Bangalore
2035,1866,8/12/2025,Card,Pune
2036,993,7/22/2024,UPI,Bangalore
2037,1687,10/3/2024,Card,Mumbai
2038,1002,6/1/2025,UPI,Mumbai
2039,624,10/24/2025,Card,Pune
2040,1323,9/4/2025,Cash,Pune
2041,724,5/16/2025,Cash,Delhi
2042,437,11/23/2023,Card,Mumbai
2043,747,7/3/2025,UPI,Delhi
2044,1096,5/2/2024,Cash,Kolkata
2045,1895,2/22/2024,Cash,Pune
2046,902,4/10/2024,Card,Kolkata
2047,838,8/9/2024,Cash,Mumbai
2048,1943,7/11/2025,UPI,Delhi
2049,1233,7/17/2024,UPI,Mumbai
2050,1864,3/3/2025,Card,Delhi
2051,1682,8/7/2025,Cash,Delhi
2052,1380,9/29/2024,UPI,Bangalore
2053,1089,3/7/2025,Card,Kolkata
2054,1094,1/2/2024,Cash,Bangalore
2055,134,12/29/2024,UPI,Mumbai
2056,613,8/25/2024,UPI,Pune
2057,1621,3/4/2025,Cash,Kolkata
2058,1926,4/9/2024,Cash,Pune
2059,1525,8/26/2025,UPI,Pune
2060,1415,12/22/2024,Cash,Kolkata
2061,772,11/19/2023,UPI,Mumbai
2062,64,12/25/2023,UPI,Kolkata
2063,795,9/24/2025,UPI,Kolkata
2064,672,2/15/2024,UPI,Delhi
2065,716,11/30/2023,UPI,Kolkata
2066,1745,2/29/2024,Card,Mumbai
2067,1488,5/11/2024,Card,Kolkata
2068,1508,7/17/2024,Card,Delhi
2069,760,9/2/2025,Card,Bangalore
2070,1994,5/31/2024,Cash,Kolkata
2071,1303,12/12/2024,Cash,Mumbai
2072,945,1/14/2025,UPI,Mumbai
2073,289,1/5/2025,UPI,Delhi
2074,1029,7/21/2025,UPI,Bangalore
2075,649,3/31/2024,Cash,Kolkata
2076,980,8/4/2024,Cash,Delhi
2077,212,7/1/2025,Card,Pune
2078,56,10/4/2025,Card,Bangalore
2079,1985,2/3/2024,Card,Kolkata
2080,656,1/6/2024,Cash,Bangalore
2081,402,5/6/2025,UPI,Pune
2082,961,3/27/2025,UPI,Bangalore
2083,424,3/14/2024,Card,Pune
2084,592,5/29/2025,Card,Pune
2085,1656,12/17/2023,Cash,Kolkata
2086,1796,6/3/2025,Card,Kolkata
2087,1182,7/28/2024,Cash,Delhi
2088,1535,3/29/2025,Card,Delhi
2089,776,2/1/2024,UPI,Kolkata
2090,1659,2/21/2025,Cash,Delhi
2091,1575,2/21/2025,Cash,Kolkata
2092,1746,10/30/2024,Cash,Delhi
2093,1771,10/21/2024,UPI,Bangalore
2094,1992,11/20/2024,Card,Bangalore
2095,514,1/23/2024,Card,Delhi
2096,1885,6/4/2025,Card,Bangalore
2097,404,12/31/2023,Cash,Delhi
2098,1594,2/4/2024,UPI,Mumbai
2099,710,6/21/2024,UPI,Bangalore
2100,69,7/26/2025,Cash,Mumbai
2101,108,7/21/2024,Cash,Delhi
2102,398,10/21/2025,UPI,Delhi
2103,1390,10/7/2025,Card,Kolkata
2104,504,3/26/2024,UPI,Bangalore
2105,1699,9/12/2024,Cash,Kolkata
2106,1578,3/17/2025,Cash,Bangalore
2107,1135,7/15/2024,Card,Bangalore
2108,1519,4/29/2025,Cash,Delhi
2109,1710,11/6/2024,Card,Delhi
2110,977,2/10/2024,Card,Bangalore
2111,332,12/31/2023,Card,Bangalore
2112,1871,1/22/2024,Cash,Pune
2113,1540,3/15/2025,Card,Bangalore
2114,845,12/29/2024,Cash,Delhi
2115,1238,9/19/2025,Cash,Kolkata
2116,1074,5/22/2025,UPI,Mumbai
2117,975,2/4/2025,Cash,Mumbai
2118,423,1/15/2025,Cash,Mumbai
2119,1206,6/26/2024,UPI,Pune
2120,717,3/27/2024,Card,Bangalore
2121,633,5/21/2024,UPI,Kolkata
2122,946,11/10/2024,UPI,Pune
2123,500,7/8/2025,UPI,Kolkata
2124,1451,4/22/2024,Card,Delhi
2125,1767,8/26/2025,Cash,Delhi
2126,546,6/16/2025,UPI,Bangalore
2127,625,9/19/2024,Cash,Kolkata
2128,994,1/18/2025,UPI,Pune
2129,1855,3/19/2024,Cash,Mumbai
2130,1331,1/19/2025,Cash,Pune
2131,985,6/20/2025,UPI,Kolkata
2132,1647,4/7/2025,UPI,Kolkata
2133,528,1/8/2025,UPI,Delhi
2134,1659,7/18/2024,UPI,Mumbai
2135,289,12/30/2023,UPI,Kolkata
2136,692,2/5/2025,Cash,Kolkata
2137,1634,7/7/2024,UPI,Bangalore
2138,1780,12/1/2023,Cash,Kolkata
2139,1873,3/25/2024,UPI,Bangalore
2140,399,10/21/2025,Cash,Mumbai
2141,1148,10/23/2025,UPI,Kolkata
2142,1022,9/23/2024,Card,Kolkata
2143,567,4/1/2024,Cash,Delhi
2144,1657,3/13/2025,Card,Pune
2145,1899,10/18/2025,Cash,Kolkata
2146,1500,11/25/2024,UPI,Pune
2147,1343,5/9/2025,Card,Pune
2148,1865,11/9/2024,Card,Pune
2149,648,8/17/2024,Card,Delhi
2150,1843,11/30/2023,UPI,Mumbai
2151,691,1/11/2025,Card,Delhi
2152,1142,4/13/2025,Cash,Pune
2153,1465,12/20/2024,UPI,Mumbai
2154,883,2/5/2025,UPI,Pune
2155,1279,10/2/2025,Cash,Pune
2156,314,12/3/2024,Cash,Mumbai
2157,101,12/19/2024,Cash,Delhi
2158,316,1/3/2024,Cash,Delhi
2159,1851,6/1/2024,UPI,Mumbai
2160,650,3/13/2024,Card,Mumbai
2161,1190,9/18/2024,Card,Bangalore
2162,1910,11/6/2024,Cash,Delhi
2163,840,11/27/2023,Card,Kolkata
2164,1531,1/23/2024,Cash,Delhi
2165,1275,3/5/2024,UPI,Kolkata
2166,1539,11/3/2024,Card,Kolkata
2167,220,6/25/2024,Card,Pune
2168,18,5/3/2025,UPI,Kolkata
2169,1637,9/16/2025,Card,Pune
2170,771,12/16/2023,Cash,Delhi
2171,150,5/9/2024,Card,Pune
2172,1912,11/22/2023,UPI,Pune
2173,44,11/27/2024,Card,Pune
2174,693,7/29/2025,Cash,Pune
2175,544,8/26/2025,Cash,Delhi
2176,1929,10/7/2025,UPI,Delhi
2177,1845,9/9/2025,Cash,Mumbai
2178,544,12/25/2024,Cash,Delhi
2179,647,11/19/2024,Cash,Pune
2180,1588,8/21/2024,Cash,Mumbai
2181,1056,10/19/2025,UPI,Bangalore
2182,1414,9/4/2024,UPI,Bangalore
2183,721,11/7/2024,Card,Bangalore
2184,978,6/21/2025,UPI,Delhi
2185,953,9/14/2025,Card,Kolkata
2186,1268,10/15/2024,Cash,Delhi
2187,546,12/19/2024,Cash,Delhi
2188,1462,6/21/2025,Card,Pune
2189,1358,4/22/2024,UPI,Kolkata
2190,677,11/16/2023,Card,Mumbai
2191,1597,4/17/2024,Card,Bangalore
2192,1508,1/9/2024,Cash,Mumbai
2193,810,3/27/2024,UPI,Kolkata
2194,143,6/11/2025,Card,Mumbai
2195,1273,4/16/2025,Card,Delhi
2196,1606,3/31/2024,Cash,Delhi
2197,1081,12/26/2023,Cash,Kolkata
2198,1620,7/3/2024,Card,Kolkata
2199,1395,7/19/2025,Cash,Mumbai
2200,405,5/4/2025,Cash,Bangalore
2201,751,11/10/2024,Cash,Pune
2202,1384,4/19/2025,Cash,Mumbai
2203,1692,7/30/2025,Cash,Kolkata
2204,1575,7/16/2025,Cash,Bangalore
2205,1496,2/4/2024,Cash,Bangalore
2206,268,3/7/2024,UPI,Bangalore
2207,1929,4/18/2025,UPI,Delhi
2208,846,1/14/2025,Card,Pune
2209,845,5/19/2025,UPI,Delhi
2210,1932,1/30/2025,Cash,Bangalore
2211,1550,11/18/2024,UPI,Mumbai
2212,1871,1/28/2024,Cash,Pune
2213,1208,5/18/2024,Card,Mumbai
2214,1032,5/12/2024,Card,Delhi
2215,417,12/14/2023,Cash,Bangalore
2216,948,4/19/2024,UPI,Mumbai
2217,1822,10/12/2025,Card,Delhi
2218,1771,9/8/2025,Card,Mumbai
2219,1701,9/25/2024,UPI,Bangalore
2220,436,9/6/2025,Card,Mumbai
2221,1975,11/6/2024,UPI,Pune
2222,404,7/23/2024,UPI,Bangalore
2223,1668,9/23/2024,Card,Kolkata
2224,1799,8/19/2024,UPI,Bangalore
2225,315,1/8/2024,UPI,Bangalore
2226,378,7/20/2025,UPI,Pune
2227,1313,1/20/2025,Card,Bangalore
2228,1213,7/11/2025,UPI,Kolkata
2229,1926,4/29/2025,Card,Kolkata
2230,393,4/23/2025,Cash,Kolkata
2231,422,10/25/2024,Cash,Mumbai
2232,248,2/12/2025,UPI,Mumbai
2233,1396,2/2/2025,Cash,Delhi
2234,1976,2/14/2025,Cash,Mumbai
2235,108,11/20/2024,Card,Kolkata
2236,1317,3/28/2024,Card,Mumbai
2237,1147,12/21/2024,Card,Bangalore
2238,358,4/20/2024,Card,Bangalore
2239,847,1/28/2024,UPI,Mumbai
2240,1465,10/12/2024,Cash,Pune
2241,1922,4/27/2024,Card,Pune
2242,1801,7/28/2024,Cash,Delhi
2243,1978,6/1/2024,Cash,Delhi
2244,1075,4/8/2024,Cash,Pune
2245,917,6/9/2024,Cash,Delhi
2246,778,5/6/2025,Cash,Pune
2247,1549,10/16/2024,Cash,Delhi
2248,61,8/26/2024,Card,Delhi
2249,341,2/5/2025,Card,Delhi
2250,1246,10/13/2024,Card,Kolkata
2251,457,3/31/2025,UPI,Bangalore
2252,1547,9/23/2024,UPI,Pune
2253,704,10/9/2025,Cash,Bangalore
2254,1603,10/22/2025,UPI,Pune
2255,1057,4/7/2024,Card,Pune
2256,1585,6/26/2024,Card,Pune
2257,27,3/12/2024,Cash,Pune
2258,1357,3/9/2025,Card,Mumbai
2259,1551,6/23/2025,UPI,Delhi
2260,838,3/19/2025,UPI,Pune
2261,1426,11/10/2024,UPI,Mumbai
2262,543,3/6/2025,UPI,Kolkata
2263,1174,7/3/2025,UPI,Bangalore
2264,614,3/8/2024,UPI,Delhi
2265,1108,5/28/2024,Card,Pune
2266,615,4/13/2024,Card,Mumbai
2267,1716,3/23/2024,UPI,Kolkata
2268,1362,4/7/2024,Card,Pune
2269,867,1/26/2025,Cash,Mumbai
2270,1757,5/8/2024,Card,Bangalore
2271,1004,12/1/2023,UPI,Mumbai
2272,1102,10/26/2023,Cash,Mumbai
2273,1459,12/30/2023,Card,Delhi
2274,883,1/30/2024,Cash,Delhi
2275,915,7/19/2024,Cash,Kolkata
2276,1045,10/16/2025,Cash,Mumbai
2277,368,4/4/2025,UPI,Delhi
2278,1032,2/13/2024,Card,Delhi
2279,252,10/5/2024,Cash,Delhi
2280,1125,4/24/2024,Cash,Kolkata
2281,682,10/27/2023,UPI,Pune
2282,1126,8/20/2025,UPI,Mumbai
2283,583,5/28/2025,UPI,Delhi
2284,950,3/5/2024,Cash,Delhi
2285,424,2/11/2025,Card,Bangalore
2286,1242,3/12/2024,Card,Bangalore
2287,128,1/19/2024,Card,Kolkata
2288,1351,2/17/2025,Card,Bangalore
2289,560,8/24/2025,Card,Bangalore
2290,283,11/20/2024,UPI,Pune
2291,1772,3/18/2025,Card,Kolkata
2292,746,3/16/2025,Cash,Bangalore
2293,442,4/7/2025,Cash,Mumbai
2294,1711,1/8/2024,UPI,Kolkata
2295,744,6/10/2025,Cash,Bangalore
2296,1445,4/22/2024,UPI,Delhi
2297,1181,12/6/2024,UPI,Bangalore
2298,638,10/3/2024,Cash,Pune
2299,1138,3/26/2024,Card,Pune
2300,536,8/1/2024,Cash,Pune
2301,683,2/13/2024,Cash,Pune
2302,667,4/6/2025,Cash,Mumbai
2303,951,8/17/2025,UPI,Mumbai
2304,1770,2/2/2024,Card,Delhi
2305,73,11/23/2024,UPI,Mumbai
2306,872,3/29/2025,Cash,Bangalore
2307,1401,6/18/2024,Cash,Delhi
2308,1302,11/19/2024,Card,Pune
2309,1007,2/23/2025,UPI,Bangalore
2310,961,7/22/2025,Cash,Mumbai
2311,263,2/24/2025,UPI,Mumbai
2312,616,6/11/2024,UPI,Mumbai
2313,955,10/14/2025,Card,Delhi
2314,1204,10/23/2024,Card,Bangalore
2315,786,4/24/2025,Card,Bangalore
2316,856,5/26/2025,UPI,Mumbai
2317,499,6/10/2024,UPI,Bangalore
2318,421,12/10/2024,UPI,Delhi
2319,797,10/17/2024,Cash,Delhi
2320,833,2/24/2024,UPI,Kolkata
2321,522,5/14/2024,Card,Kolkata
2322,878,6/12/2024,Card,Bangalore
2323,1779,9/5/2025,Cash,Mumbai
2324,1733,1/4/2025,Cash,Kolkata
2325,439,4/18/2024,Cash,Pune
2326,1597,3/30/2025,Card,Delhi
2327,1042,11/9/2023,Card,Kolkata
2328,1286,3/8/2025,UPI,Mumbai
2329,932,4/22/2024,UPI,Delhi
2330,383,8/6/2024,Card,Delhi
2331,1545,11/2/2024,UPI,Delhi
2332,811,8/11/2024,Card,Delhi
2333,483,7/3/2024,Card,Delhi
2334,813,1/6/2024,Cash,Kolkata
2335,605,1/13/2024,UPI,Delhi
2336,1679,8/29/2024,UPI,Kolkata
2337,217,7/3/2024,Cash,Kolkata
2338,195,2/18/2025,Card,Mumbai
2339,1997,5/15/2024,Cash,Bangalore
2340,1821,1/14/2025,UPI,Pune
2341,459,3/30/2024,Card,Mumbai
2342,178,2/12/2024,Card,Bangalore
2343,1340,9/29/2024,UPI,Mumbai
2344,1644,7/28/2024,UPI,Pune
2345,424,7/24/2025,Cash,Kolkata
2346,1829,8/15/2024,Cash,Mumbai
2347,1505,10/12/2025,UPI,Bangalore
2348,716,8/13/2024,UPI,Bangalore
2349,1280,10/21/2025,Cash,Delhi
2350,1906,7/11/2025,Cash,Mumbai
2351,1868,2/2/2025,UPI,Pune
2352,1507,8/17/2024,UPI,Kolkata
2353,997,1/19/2024,UPI,Bangalore
2354,583,1/5/2024,Card,Pune
2355,1410,1/30/2025,Cash,Bangalore
2356,1337,2/15/2024,Cash,Mumbai
2357,1778,1/6/2025,UPI,Pune
2358,661,3/20/2025,Cash,Mumbai
2359,1070,2/11/2024,UPI,Bangalore
2360,196,3/23/2025,Card,Delhi
2361,74,10/26/2024,Cash,Pune
2362,1096,9/18/2025,Cash,Pune
2363,1288,5/25/2024,Card,Kolkata
2364,1874,8/10/2025,Cash,Delhi
2365,863,8/1/2024,UPI,Mumbai
2366,690,8/29/2025,Cash,Delhi
2367,656,5/12/2025,Cash,Bangalore
2368,1407,3/27/2024,UPI,Bangalore
2369,1858,5/15/2025,Cash,Kolkata
2370,455,6/19/2025,UPI,Kolkata
2371,1786,3/17/2024,Cash,Pune
2372,655,4/27/2024,Card,Mumbai
2373,984,8/24/2025,UPI,Pune
2374,1034,2/11/2025,UPI,Kolkata
2375,1171,7/28/2024,UPI,Bangalore
2376,1442,10/21/2024,UPI,Mumbai
2377,1966,2/21/2024,Card,Bangalore
2378,337,5/10/2024,Card,Kolkata
2379,382,2/21/2025,Card,Mumbai
2380,597,7/21/2024,Cash,Pune
2381,168,8/24/2025,UPI,Bangalore
2382,1543,6/22/2025,Cash,Kolkata
2383,1424,11/13/2023,Cash,Bangalore
2384,1732,2/8/2024,Card,Bangalore
2385,136,4/20/2024,Cash,Bangalore
2386,1409,2/8/2024,Cash,Delhi
2387,244,1/20/2025,Card,Bangalore
2388,502,8/4/2025,Cash,Bangalore
2389,587,7/10/2025,UPI,Delhi
2390,805,4/15/2024,Cash,Delhi
2391,622,11/2/2023,Cash,Delhi
2392,1321,10/12/2025,Card,Pune
2393,1311,12/25/2024,UPI,Delhi
2394,1570,7/22/2025,Cash,Pune
2395,446,7/21/2025,Card,Pune
2396,957,3/9/2025,Card,Mumbai
2397,1655,12/21/2023,Card,Pune
2398,430,4/1/2024,UPI,Bangalore
2399,1002,7/11/2025,Cash,Bangalore
2400,1303,12/28/2023,Card,Pune
2401,869,2/25/2025,Cash,Delhi
2402,1745,4/8/2025,Cash,Mumbai
2403,1601,2/14/2024,Cash,Mumbai
2404,909,9/11/2025,Card,Mumbai
2405,1588,8/9/2025,Card,Mumbai
2406,175,6/19/2024,UPI,Mumbai
2407,277,3/13/2025,UPI,Kolkata
2408,1185,9/7/2025,UPI,Pune
2409,738,2/24/2024,Card,Pune
2410,365,8/12/2024,Cash,Delhi
2411,1665,11/23/2023,UPI,Bangalore
2412,618,2/4/2024,Cash,Bangalore
2413,201,12/20/2023,UPI,Kolkata
2414,669,6/25/2024,UPI,Mumbai
2415,382,7/24/2024,Cash,Mumbai
2416,738,10/10/2024,Card,Pune
2417,1609,12/5/2023,Cash,Delhi
2418,1959,1/15/2025,UPI,Delhi
2419,87,7/11/2024,UPI,Pune
2420,1437,4/7/2024,UPI,Delhi
2421,387,4/29/2024,UPI,Delhi
2422,650,8/26/2025,UPI,Pune
2423,416,11/29/2024,Cash,Pune
2424,1032,12/30/2023,UPI,Pune
2425,1247,8/7/2025,Card,Delhi
2426,513,1/19/2025,Cash,Kolkata
2427,585,9/17/2025,Card,Mumbai
2428,1918,4/25/2025,Cash,Mumbai
2429,469,8/1/2024,Cash,Pune
2430,1025,11/7/2024,Cash,Pune
2431,1288,8/19/2025,Card,Kolkata
2432,1954,8/17/2025,Cash,Mumbai
2433,1685,7/24/2024,UPI,Delhi
2434,642,5/4/2024,Card,Bangalore
2435,1900,2/6/2025,UPI,Delhi
2436,189,8/11/2024,Card,Kolkata
2437,1404,12/9/2024,Card,Kolkata
2438,1867,4/27/2025,UPI,Mumbai
2439,1803,5/19/2025,UPI,Pune
2440,915,7/25/2025,UPI,Pune
2441,1689,1/25/2024,Cash,Kolkata
2442,370,11/13/2024,Card,Pune
2443,1481,5/12/2024,Card,Pune
2444,1389,12/4/2024,UPI,Pune
2445,226,8/26/2025,Card,Bangalore
2446,790,8/19/2024,Card,Pune
2447,1096,9/19/2024,Card,Bangalore
2448,291,6/22/2025,UPI,Kolkata
2449,586,1/8/2024,Card,Delhi
2450,285,9/19/2025,UPI,Kolkata
2451,1041,10/23/2025,Cash,Delhi
2452,1756,3/22/2024,UPI,Mumbai
2453,1673,4/12/2024,Card,Bangalore
2454,13,12/27/2023,Cash,Bangalore
2455,1662,8/6/2024,Cash,Mumbai
2456,1074,10/24/2024,UPI,Bangalore
2457,722,9/15/2024,Card,Mumbai
2458,640,5/19/2025,Card,Delhi
2459,957,5/14/2024,UPI,Pune
2460,1106,10/3/2025,UPI,Pune
2461,615,7/9/2024,UPI,Bangalore
2462,1153,12/8/2023,Cash,Kolkata
2463,1214,2/6/2025,Card,Bangalore
2464,491,11/23/2023,Cash,Delhi
2465,1539,4/6/2025,Cash,Bangalore
2466,46,12/30/2024,Cash,Delhi
2467,1526,8/31/2025,Card,Bangalore
2468,301,11/16/2024,Cash,Pune
2469,1404,6/25/2024,Cash,Delhi
2470,353,1/1/2024,Cash,Pune
2471,1620,7/19/2024,Card,Kolkata
2472,1000,4/2/2024,UPI,Mumbai
2473,1290,9/29/2024,UPI,Bangalore
2474,1558,11/13/2024,Card,Delhi
2475,776,9/3/2024,UPI,Delhi
2476,1307,11/30/2024,Card,Bangalore
2477,141,10/13/2024,Cash,Pune
2478,517,1/17/2025,Card,Delhi
2479,455,4/11/2024,UPI,Mumbai
2480,727,6/8/2025,Card,Kolkata
2481,1744,10/22/2024,UPI,Mumbai
2482,1185,4/19/2024,Card,Bangalore
2483,1861,1/20/2025,Card,Bangalore
2484,1696,3/1/2025,Card,Kolkata
2485,873,11/27/2024,Card,Pune
2486,1547,12/29/2023,UPI,Mumbai
2487,304,9/1/2024,UPI,Mumbai
2488,1881,6/27/2024,UPI,Pune
2489,1288,4/21/2025,UPI,Mumbai
2490,1175,10/29/2023,Card,Bangalore
2491,911,2/18/2025,UPI,Bangalore
2492,399,2/2/2025,Card,Mumbai
2493,1042,6/16/2025,Cash,Mumbai
2494,1414,3/21/2024,Card,Kolkata
2495,1361,4/27/2025,Card,Mumbai
2496,249,1/27/2024,Cash,Pune
2497,1599,9/9/2024,Cash,Kolkata
2498,68,8/9/2024,UPI,Bangalore
2499,292,4/24/2025,Cash,Bangalore
2500,1092,8/11/2025,Cash,Kolkata
2501,127,4/13/2024,Cash,Bangalore
2502,621,8/30/2025,Cash,Pune
2503,244,8/15/2025,Cash,Kolkata
2504,669,4/13/2024,Card,Bangalore
2505,1818,8/30/2025,UPI,Mumbai
2506,1374,4/16/2025,Card,Delhi
2507,1231,8/6/2024,UPI,Delhi
2508,342,7/5/2024,Card,Mumbai
2509,1958,10/3/2024,Cash,Bangalore
2510,193,12/18/2023,Cash,Delhi
2511,697,6/4/2024,UPI,Bangalore
2512,1705,1/31/2024,Card,Pune
2513,822,2/28/2024,Cash,Kolkata
2514,400,1/13/2024,Card,Kolkata
2515,1574,8/23/2024,UPI,Mumbai
2516,55,10/12/2024,Cash,Mumbai
2517,114,6/17/2024,Card,Kolkata
2518,1854,1/15/2024,Card,Mumbai
2519,734,9/23/2024,Card,Delhi
2520,1313,3/5/2025,Card,Kolkata
2521,1416,5/15/2024,Card,Pune
2522,1511,2/10/2024,Card,Bangalore
2523,1438,5/26/2025,Cash,Bangalore
2524,619,3/12/2024,Cash,Kolkata
2525,590,1/19/2024,UPI,Mumbai
2526,1566,12/15/2023,Card,Delhi
2527,825,3/11/2024,Cash,Mumbai
2528,258,4/24/2025,Cash,Bangalore
2529,276,12/18/2024,Card,Kolkata
2530,1397,4/7/2024,Cash,Mumbai
2531,1691,1/18/2024,UPI,Kolkata
2532,1307,1/27/2024,Cash,Delhi
2533,173,6/11/2025,Card,Pune
2534,719,9/22/2024,Card,Mumbai
2535,1359,6/3/2025,UPI,Delhi
2536,1583,3/1/2024,UPI,Delhi
2537,329,1/13/2024,Cash,Delhi
2538,1513,8/25/2025,Cash,Kolkata
2539,1901,2/13/2025,Card,Kolkata
2540,1255,11/15/2023,Cash,Bangalore
2541,1,11/22/2023,Card,Kolkata
2542,290,8/27/2024,UPI,Mumbai
2543,935,6/3/2024,Cash,Mumbai
2544,719,4/25/2025,Cash,Kolkata
2545,1876,8/11/2025,Cash,Bangalore
2546,1374,2/11/2025,Card,Delhi
2547,476,3/12/2024,UPI,Pune
2548,253,3/7/2024,Cash,Bangalore
2549,1876,1/10/2024,Card,Bangalore
2550,37,5/7/2025,UPI,Pune
2551,108,12/10/2024,Card,Kolkata
2552,1711,9/29/2025,Card,Pune
2553,787,1/13/2024,Cash,Mumbai
2554,1806,4/18/2024,Card,Pune
2555,674,9/14/2025,UPI,Kolkata
2556,935,6/25/2025,UPI,Delhi
2557,1108,9/29/2024,Cash,Bangalore
2558,841,1/25/2024,Card,Pune
2559,1478,9/6/2025,Cash,Pune
2560,962,6/29/2025,UPI,Kolkata
2561,213,10/2/2024,Card,Bangalore
2562,1316,3/29/2025,Card,Mumbai
2563,355,3/14/2025,Card,Pune
2564,105,1/14/2025,UPI,Delhi
2565,1418,12/22/2024,Card,Mumbai
2566,290,4/17/2024,Card,Delhi
2567,944,10/12/2024,Card,Mumbai
2568,804,8/4/2025,UPI,Delhi
2569,1467,3/20/2024,Cash,Pune
2570,514,11/26/2024,Cash,Kolkata
2571,998,3/11/2024,UPI,Kolkata
2572,867,3/5/2025,Card,Pune
2573,1700,12/12/2023,Cash,Mumbai
2574,65,9/24/2024,Card,Delhi
2575,1681,5/9/2024,Card,Kolkata
2576,802,8/27/2024,Cash,Delhi
2577,14,11/17/2024,Cash,Pune
2578,1282,3/21/2025,Card,Mumbai
2579,1097,2/16/2025,UPI,Delhi
2580,1735,7/6/2024,Cash,Bangalore
2581,955,6/15/2024,Cash,Pune
2582,376,1/20/2024,Cash,Kolkata
2583,621,12/17/2024,Cash,Pune
2584,1836,8/5/2024,Card,Mumbai
2585,1859,9/18/2025,Cash,Delhi
2586,382,3/10/2024,UPI,Pune
2587,1950,5/7/2024,Cash,Kolkata
2588,1505,9/13/2024,UPI,Bangalore
2589,1811,8/17/2024,UPI,Mumbai
2590,492,1/24/2025,Cash,Bangalore
2591,1240,12/16/2024,UPI,Pune
2592,1225,10/13/2024,Cash,Kolkata
2593,1289,6/7/2024,Cash,Pune
2594,1199,8/2/2024,UPI,Delhi
2595,805,1/21/2024,Cash,Mumbai
2596,1821,4/6/2024,Card,Kolkata
2597,1025,2/18/2024,Cash,Kolkata
2598,1610,9/18/2024,Card,Mumbai
2599,1020,8/23/2025,Cash,Pune
2600,1682,12/25/2023,UPI,Bangalore
2601,1002,2/2/2025,UPI,Mumbai
2602,1985,3/27/2024,Card,Pune
2603,531,6/28/2024,Cash,Bangalore
2604,589,2/26/2024,Cash,Delhi
2605,1816,9/18/2024,Card,Bangalore
2606,1337,3/17/2025,Cash,Mumbai
2607,1936,10/4/2025,UPI,Mumbai
2608,868,10/31/2023,Cash,Bangalore
2609,894,4/17/2025,Card,Bangalore
2610,869,3/4/2025,UPI,Pune
2611,1262,3/14/2024,Cash,Kolkata
2612,9,10/19/2025,Card,Delhi
2613,1158,9/18/2024,Cash,Mumbai
2614,1779,1/8/2025,Card,Kolkata
2615,1722,5/26/2025,UPI,Kolkata
2616,1767,11/24/2024,Cash,Delhi
2617,15,5/17/2024,Card,Kolkata
2618,391,2/11/2025,Cash,Kolkata
2619,1551,7/23/2024,Cash,Delhi
2620,1190,9/14/2025,UPI,Mumbai
2621,1085,3/24/2024,Cash,Pune
2622,1560,5/16/2025,Cash,Bangalore
2623,1274,5/28/2024,Card,Bangalore
2624,1942,12/15/2023,Card,Kolkata
2625,1726,9/24/2024,Cash,Mumbai
2626,510,4/25/2024,Cash,Mumbai
2627,1342,9/27/2024,Cash,Pune
2628,1691,12/23/2024,Card,Pune
2629,1744,11/4/2023,Cash,Pune
2630,113,8/14/2024,Cash,Kolkata
2631,1069,8/11/2024,Card,Pune
2632,852,6/18/2024,Card,Kolkata
2633,1319,11/3/2023,Card,Pune
2634,21,10/25/2023,Card,Delhi
2635,594,10/1/2025,UPI,Delhi
2636,1224,4/3/2024,Card,Kolkata
2637,1553,9/2/2025,Card,Kolkata
2638,1495,4/30/2025,UPI,Mumbai
2639,1350,12/24/2024,Card,Mumbai
2640,947,10/13/2024,Cash,Mumbai
2641,1364,11/5/2023,Card,Kolkata
2642,1985,3/9/2025,UPI,Bangalore
2643,186,5/7/2024,Cash,Bangalore
2644,685,5/19/2024,Card,Bangalore
2645,397,1/3/2024,Cash,Pune
2646,911,9/1/2024,UPI,Kolkata
2647,1925,11/19/2024,UPI,Kolkata
2648,1081,7/15/2025,UPI,Delhi
2649,1828,12/19/2023,Card,Mumbai
2650,838,8/23/2025,Card,Delhi
2651,1731,1/6/2024,Cash,Kolkata
2652,1314,7/12/2025,Cash,Kolkata
2653,608,7/5/2025,Card,Kolkata
2654,1016,12/5/2024,UPI,Bangalore
2655,531,2/5/2024,Card,Delhi
2656,54,3/25/2024,UPI,Mumbai
2657,464,1/22/2024,Cash,Bangalore
2658,310,8/25/2024,UPI,Mumbai
2659,1432,10/30/2023,Cash,Bangalore
2660,1618,5/4/2025,Cash,Delhi
2661,708,3/26/2024,Cash,Pune
2662,1060,8/23/2025,UPI,Delhi
2663,1477,5/30/2024,UPI,Bangalore
2664,611,8/21/2024,Card,Delhi
2665,29,9/15/2025,Cash,Pune
2666,1477,8/22/2024,Card,Mumbai
2667,1751,2/13/2025,UPI,Bangalore
2668,1683,8/11/2024,Cash,Pune
2669,84,11/22/2024,Card,Pune
2670,900,9/5/2025,Card,Bangalore
2671,224,6/20/2024,UPI,Pune
2672,539,2/4/2025,Card,Delhi
2673,627,6/15/2024,Card,Pune
2674,313,12/1/2023,UPI,Kolkata
2675,1178,8/14/2024,Card,Mumbai
2676,135,11/30/2024,UPI,Pune
2677,814,8/7/2024,UPI,Pune
2678,15,10/26/2023,Cash,Kolkata
2679,641,6/7/2025,UPI,Mumbai
2680,730,1/29/2025,Cash,Pune
2681,1495,1/3/2024,Cash,Bangalore
2682,1649,12/31/2024,Cash,Pune
2683,1840,12/17/2024,Cash,Pune
2684,750,3/12/2024,Cash,Delhi
2685,1186,12/22/2023,Card,Mumbai
2686,653,2/16/2024,Card,Mumbai
2687,1545,11/6/2023,Card,Mumbai
2688,1331,8/8/2024,Card,Pune
2689,507,2/15/2024,Cash,Delhi
2690,221,1/28/2025,Card,Delhi
2691,1236,6/30/2024,UPI,Mumbai
2692,183,11/4/2023,Cash,Mumbai
2693,1939,8/16/2025,Cash,Pune
2694,815,12/5/2024,Cash,Mumbai
2695,832,11/10/2024,UPI,Kolkata
2696,1287,8/28/2024,Cash,Kolkata
2697,1478,10/24/2024,Card,Delhi
2698,911,12/13/2023,Cash,Kolkata
2699,1298,1/15/2025,UPI,Pune
2700,718,10/16/2025,Card,Kolkata
2701,817,4/6/2025,Card,Bangalore
2702,1985,10/31/2023,UPI,Kolkata
2703,1454,5/31/2025,Card,Delhi
2704,780,2/14/2025,Card,Kolkata
2705,712,7/28/2025,UPI,Mumbai
2706,397,6/27/2024,UPI,Delhi
2707,1932,5/8/2024,UPI,Pune
2708,1054,2/6/2025,UPI,Delhi
2709,570,11/3/2024,Card,Pune
2710,1100,8/27/2025,Cash,Kolkata
2711,167,7/16/2025,UPI,Delhi
2712,1312,9/20/2025,Cash,Mumbai
2713,1993,2/3/2025,UPI,Kolkata
2714,793,9/21/2024,Cash,Mumbai
2715,1792,7/29/2024,Card,Pune
2716,284,6/15/2025,Card,Kolkata
2717,1444,5/31/2024,UPI,Delhi
2718,1545,2/6/2025,Card,Delhi
2719,298,12/8/2023,Card,Delhi
2720,1526,8/27/2024,UPI,Kolkata
2721,1593,12/2/2024,UPI,Pune
2722,1971,11/6/2024,UPI,Bangalore
2723,1061,8/29/2025,Card,Bangalore
2724,1700,11/19/2023,UPI,Mumbai
2725,440,5/9/2024,Card,Mumbai
2726,72,7/2/2024,Card,Mumbai
2727,1684,2/5/2024,UPI,Kolkata
2728,1810,6/22/2024,Cash,Bangalore
2729,975,2/3/2024,Card,Kolkata
2730,435,12/12/2024,Cash,Mumbai
2731,448,8/18/2025,UPI,Pune
2732,120,3/14/2025,UPI,Pune
2733,1799,12/11/2023,Cash,Delhi
2734,666,4/10/2024,UPI,Bangalore
2735,1128,11/23/2024,UPI,Bangalore
2736,1795,9/7/2024,Cash,Bangalore
2737,70,5/14/2024,Cash,Bangalore
2738,1450,2/16/2025,Cash,Kolkata
2739,222,3/14/2025,Cash,Delhi
2740,529,10/20/2025,Card,Bangalore
2741,1174,8/4/2025,Cash,Kolkata
2742,314,6/27/2025,UPI,Mumbai
2743,180,7/1/2025,UPI,Mumbai
2744,16,4/16/2025,UPI,Pune
2745,982,12/6/2023,Cash,Pune
2746,1925,9/14/2025,UPI,Pune
2747,24,1/9/2025,Card,Mumbai
2748,467,6/10/2025,UPI,Delhi
2749,994,10/16/2025,UPI,Kolkata
2750,1533,4/7/2024,UPI,Pune
2751,373,2/24/2025,Cash,Pune
2752,795,8/28/2024,Cash,Bangalore
2753,208,7/12/2024,Card,Mumbai
2754,1082,7/18/2025,Cash,Delhi
2755,1815,2/9/2025,Card,Delhi
2756,398,6/25/2025,UPI,Pune
2757,14,3/21/2025,UPI,Pune
2758,1959,12/21/2024,UPI,Kolkata
2759,1787,9/28/2024,Card,Bangalore
2760,108,7/3/2024,Card,Mumbai
2761,1407,6/13/2025,Card,Pune
2762,388,11/12/2024,Card,Delhi
2763,1907,9/28/2024,Cash,Kolkata
2764,20,2/1/2024,UPI,Mumbai
2765,1211,8/9/2025,UPI,Kolkata
2766,74,6/17/2025,Cash,Pune
2767,1341,1/18/2025,Cash,Delhi
2768,28,5/31/2024,Card,Kolkata
2769,1267,9/2/2024,Cash,Kolkata
2770,954,1/10/2024,Cash,Mumbai
2771,845,10/18/2024,UPI,Mumbai
2772,1945,8/20/2024,UPI,Kolkata
2773,1470,10/22/2025,Card,Pune
2774,211,7/2/2025,UPI,Mumbai
2775,1418,11/7/2024,Cash,Pune
2776,1273,12/8/2024,Card,Pune
2777,404,4/10/2024,Cash,Bangalore
2778,1487,2/10/2024,Card,Pune
2779,866,3/1/2025,Card,Pune
2780,1285,5/7/2025,Card,Bangalore
2781,1798,11/16/2023,UPI,Mumbai
2782,364,12/2/2023,UPI,Mumbai
2783,819,3/28/2024,Card,Kolkata
2784,1049,7/25/2025,Cash,Mumbai
2785,1526,1/16/2024,Card,Pune
2786,1374,4/29/2025,Cash,Delhi
2787,409,7/6/2025,UPI,Pune
2788,1417,9/28/2025,Card,Kolkata
2789,671,9/24/2024,UPI,Bangalore
2790,739,12/8/2023,Card,Bangalore
2791,2,12/1/2023,Cash,Pune
2792,865,7/17/2024,Card,Bangalore
2793,385,8/8/2024,Card,Delhi
2794,1929,7/2/2024,UPI,Delhi
2795,1551,1/12/2024,Card,Pune
2796,378,12/24/2024,Card,Pune
2797,512,1/15/2024,UPI,Kolkata
2798,81,3/26/2025,Card,Delhi
2799,449,8/15/2024,UPI,Kolkata
2800,419,6/12/2024,UPI,Kolkata
2801,690,1/2/2024,Card,Mumbai
2802,815,6/3/2025,Cash,Mumbai
2803,741,2/6/2025,Card,Mumbai
2804,1710,5/19/2025,Cash,Delhi
2805,414,1/26/2024,Card,Mumbai
2806,1531,11/10/2024,UPI,Delhi
2807,868,3/16/2024,UPI,Kolkata
2808,485,5/27/2025,UPI,Bangalore
2809,209,5/7/2024,UPI,Mumbai
2810,579,12/25/2024,UPI,Kolkata
2811,991,4/13/2025,Card,Bangalore
2812,791,3/16/2025,Cash,Delhi
2813,253,5/3/2024,UPI,Bangalore
2814,682,7/1/2024,UPI,Kolkata
2815,582,8/12/2024,Cash,Pune
2816,1921,1/30/2025,Cash,Kolkata
2817,1765,8/7/2025,UPI,Bangalore
2818,1591,11/24/2023,UPI,Delhi
2819,1342,3/31/2025,Cash,Bangalore
2820,1199,8/22/2024,UPI,Pune
2821,918,4/15/2024,Cash,Pune
2822,1109,2/27/2024,UPI,Bangalore
2823,263,10/2/2024,Card,Bangalore
2824,1160,2/2/2024,Cash,Kolkata
2825,673,12/7/2023,Cash,Pune
2826,1420,7/15/2025,UPI,Delhi
2827,1577,4/4/2024,UPI,Mumbai
2828,76,10/13/2024,Card,Bangalore
2829,372,5/23/2024,Cash,Delhi
2830,591,5/10/2024,UPI,Pune
2831,410,3/5/2025,Card,Delhi
2832,1640,2/7/2024,Cash,Delhi
2833,368,6/4/2025,Card,Bangalore
2834,1988,2/4/2024,Card,Mumbai
2835,70,9/29/2025,Cash,Kolkata
2836,1836,5/28/2025,Card,Pune
2837,1538,10/18/2025,Cash,Kolkata
2838,255,5/22/2025,Card,Bangalore
2839,1449,8/30/2025,Card,Kolkata
2840,1629,9/16/2024,Card,Kolkata
2841,1118,6/28/2024,Cash,Pune
2842,1601,3/25/2025,Cash,Mumbai
2843,285,5/7/2024,Cash,Pune
2844,713,10/7/2024,Cash,Delhi
2845,307,5/21/2024,Card,Mumbai
2846,1869,8/19/2024,UPI,Mumbai
2847,1368,11/28/2023,Card,Kolkata
2848,1983,4/21/2025,Card,Pune
2849,1329,12/25/2024,Cash,Delhi
2850,1383,8/31/2025,UPI,Kolkata
2851,1184,6/13/2025,Card,Pune
2852,1702,8/25/2024,Card,Delhi
2853,1678,1/15/2025,Cash,Pune
2854,1554,6/8/2024,UPI,Bangalore
2855,169,12/30/2023,UPI,Kolkata
2856,1688,8/9/2025,UPI,Bangalore
2857,132,4/1/2025,Cash,Delhi
2858,960,8/17/2024,Cash,Mumbai
2859,1490,4/25/2024,UPI,Delhi
2860,442,3/27/2025,Cash,Kolkata
2861,935,12/21/2023,Cash,Delhi
2862,766,6/8/2024,UPI,Pune
2863,1167,1/16/2024,UPI,Pune
2864,1977,1/30/2025,Card,Pune
2865,1179,8/4/2024,Card,Mumbai
2866,1299,8/24/2025,UPI,Mumbai
2867,1663,8/15/2025,Card,Kolkata
2868,1176,11/4/2024,UPI,Pune
2869,1706,8/19/2025,Cash,Kolkata
2870,1104,2/28/2025,Card,Mumbai
2871,359,12/19/2023,UPI,Pune
2872,1175,9/12/2025,Card,Bangalore
2873,1490,3/2/2024,Cash,Kolkata
2874,1278,1/10/2024,Card,Kolkata
2875,614,4/8/2025,Card,Bangalore
2876,1543,7/12/2024,Cash,Mumbai
2877,1040,5/16/2025,Cash,Bangalore
2878,266,6/30/2024,Card,Mumbai
2879,1467,3/21/2024,Cash,Pune
2880,1484,2/15/2024,Cash,Kolkata
2881,1543,1/21/2024,Cash,Pune
2882,54,9/18/2024,UPI,Bangalore
2883,920,3/5/2024,Cash,Kolkata
2884,1301,7/7/2024,UPI,Mumbai
2885,626,3/12/2025,Card,Kolkata
2886,1515,8/12/2025,Card,Mumbai
2887,1081,1/24/2025,Card,Mumbai
2888,1613,7/15/2025,Cash,Delhi
2889,1406,10/20/2025,Card,Kolkata
2890,651,10/11/2025,UPI,Pune
2891,503,1/30/2025,Card,Bangalore
2892,933,1/31/2025,Cash,Mumbai
2893,999,5/6/2024,UPI,Kolkata
2894,1012,9/24/2025,Cash,Delhi
2895,1143,4/7/2024,Card,Mumbai
2896,1474,9/20/2025,Card,Delhi
2897,1717,3/28/2024,Card,Pune
2898,31,12/6/2023,Card,Bangalore
2899,1175,7/29/2025,UPI,Kolkata
2900,743,4/15/2025,Cash,Pune
2901,735,6/13/2025,Card,Kolkata
2902,369,12/16/2024,UPI,Mumbai
2903,602,11/25/2023,Cash,Mumbai
2904,1131,12/10/2023,Cash,Delhi
2905,1458,5/31/2025,Cash,Delhi
2906,40,7/25/2024,Cash,Mumbai
2907,358,9/17/2025,Cash,Pune
2908,524,7/19/2025,Cash,Kolkata
2909,1110,11/19/2023,Cash,Bangalore
2910,929,4/9/2024,Cash,Kolkata
2911,1715,2/9/2024,UPI,Pune
2912,367,12/10/2024,UPI,Mumbai
2913,1434,5/15/2025,Cash,Kolkata
2914,1749,4/26/2025,Card,Bangalore
2915,434,1/8/2025,Card,Kolkata
2916,1984,4/29/2024,Card,Bangalore
2917,1285,2/15/2024,Cash,Kolkata
2918,872,10/14/2025,Card,Pune
2919,1193,2/1/2025,Card,Kolkata
2920,728,1/14/2024,Cash,Kolkata
2921,378,10/4/2025,Cash,Pune
2922,1224,9/23/2025,UPI,Bangalore
2923,886,4/29/2024,UPI,Mumbai
2924,1648,6/21/2025,Card,Mumbai
2925,1870,4/6/2024,Card,Delhi
2926,5,5/21/2025,Cash,Kolkata
2927,1358,2/19/2024,Card,Kolkata
2928,1851,2/28/2024,UPI,Bangalore
2929,786,12/27/2023,Cash,Kolkata
2930,1585,4/29/2024,Card,Delhi
2931,1333,10/25/2023,Card,Pune
2932,996,10/12/2024,UPI,Pune
2933,472,2/26/2024,UPI,Delhi
2934,1840,7/12/2024,Card,Delhi
2935,503,9/26/2025,UPI,Delhi
2936,1051,4/26/2024,UPI,Bangalore
2937,298,12/31/2024,UPI,Pune
2938,512,3/3/2024,Card,Mumbai
2939,148,5/15/2024,Card,Mumbai
2940,1523,12/15/2023,Cash,Kolkata
2941,1038,4/4/2024,Cash,Bangalore
2942,1648,7/3/2024,Card,Pune
2943,208,9/19/2024,Card,Bangalore
2944,868,6/10/2025,Cash,Bangalore
2945,33,2/5/2025,Cash,Kolkata
2946,1944,1/17/2024,Card,Mumbai
2947,1707,8/4/2024,Card,Delhi
2948,42,3/22/2025,Card,Kolkata
2949,1782,9/4/2024,Cash,Delhi
2950,1459,11/1/2024,Card,Mumbai
2951,1491,9/16/2024,Cash,Kolkata
2952,1508,4/11/2024,UPI,Mumbai
2953,1958,4/24/2025,Card,Pune
2954,1093,8/18/2025,Cash,Mumbai
2955,275,2/15/2025,Card,Delhi
2956,563,4/23/2024,Card,Kolkata
2957,265,8/29/2025,Card,Mumbai
2958,1322,8/24/2025,Cash,Kolkata
2959,1610,7/24/2025,UPI,Kolkata
2960,403,1/3/2024,Cash,Pune
2961,759,11/2/2024,UPI,Bangalore
2962,808,7/25/2024,Card,Pune
2963,75,9/2/2025,Cash,Bangalore
2964,1479,6/25/2024,Card,Bangalore
2965,1443,4/29/2024,Cash,Delhi
2966,452,6/23/2024,Cash,Pune
2967,1293,1/3/2025,Cash,Pune
2968,1785,1/15/2024,UPI,Kolkata
2969,1343,1/16/2024,Cash,Mumbai
2970,1993,10/3/2024,Cash,Mumbai
2971,1975,3/17/2025,Cash,Mumbai
2972,1857,6/24/2025,UPI,Delhi
2973,1675,2/28/2024,UPI,Bangalore
2974,984,3/24/2024,UPI,Bangalore
2975,558,9/22/2024,Cash,Bangalore
2976,1917,11/1/2023,UPI,Pune
2977,1387,5/13/2025,Card,Kolkata
2978,590,7/18/2024,UPI,Bangalore
2979,1359,1/7/2025,Card,Pune
2980,393,3/31/2024,UPI,Kolkata
2981,1545,12/5/2023,Cash,Mumbai
2982,581,2/25/2024,Card,Pune
2983,38,5/31/2025,Card,Delhi
2984,57,10/10/2025,Cash,Mumbai
2985,1883,6/15/2024,Cash,Kolkata
2986,893,11/5/2024,Cash,Kolkata
2987,1644,2/27/2024,Cash,Mumbai
2988,774,5/17/2024,Cash,Delhi
2989,1805,12/2/2023,Card,Bangalore
2990,67,11/5/2024,UPI,Kolkata
2991,1736,11/6/2023,Card,Mumbai
2992,102,3/1/2025,Cash,Kolkata
2993,1920,6/27/2025,Cash,Delhi
2994,297,8/17/2025,UPI,Mumbai
2995,674,4/24/2025,Cash,Bangalore
2996,142,6/20/2025,Card,Kolkata
2997,1255,1/11/2025,UPI,Pune
2998,1153,8/30/2024,Card,Bangalore
2999,281,9/14/2024,Card,Kolkata
3000,1233,9/21/2025,UPI,Bangalore
